id,estado,yr,id_yr,r33_total                     ,r33_faeb,r33_fasa,r33_fis,r33_fise,r33_fism,r33_multiple,r33_alimenticio,r33_infraeduca,r33_edusuperior,r33_fortamun,r33_edutecnologica,r33_segurid,r33_fortaestados
00,Nacional,1998,00_1998,124 857.3,79 997.9,13 846.4,10 403.4,1 261.1,9 142.3,3 720.9,1 684.8,1 700.0, 336.1,6 732.1,,,
01,Aguascalientes,1998,01_1998,1 500.8,1 053.4, 205.7, 122.0, 5.1, 116.9, 56.0, 23.0, 24.4, 8.6, 63.7,,,
02,Baja California,1998,02_1998,2 982.0,2 305.9, 325.2, 132.8, 6.9, 125.9, 62.1, 10.3, 45.8, 6.0, 156.0,,,
03,Baja California Sur,1998,03_1998,1 122.7, 746.0, 214.3, 101.1, 1.6, 99.5, 33.6, 12.4, 16.5, 4.7, 27.7,,,
04,Campeche,1998,04_1998,1 519.6,1 025.8, 211.3, 175.6, 14.0, 161.6, 59.4, 5.6, 41.4, 12.4, 47.5,,,
05,Coahuila de Zaragoza,1998,05_1998,3 044.3,2 356.5, 288.6, 164.7, 12.2, 152.5, 74.0, 13.5, 46.5, 14.0, 160.5,,,
06,Colima,1998,06_1998,1 059.3, 685.9, 190.0, 108.4, 2.8, 105.6, 39.0, 8.2, 21.2, 9.6, 36.0,,,
07,Chiapas,1998,07_1998,6 306.1,4 376.0, 697.1, 803.7, 118.7, 685.0, 164.6, 74.5, 81.4, 8.7, 264.7,,,
08,Chihuahua,1998,08_1998,3 421.9,2 527.9, 362.5, 221.1, 21.6, 199.5, 104.1, 24.1, 47.0, 33.0, 206.3,,,
09,Distrito Federal,1998,09_1998,12 231.9,, 899.5, 0.0,,, 548.9, 548.9,,, 626.9,,,
10,Durango,1998,10_1998,2 586.0,1 881.6, 300.9, 214.9, 20.6, 194.3, 82.9, 47.0, 31.4, 4.5, 105.7,,,
11,Guanajuato,1998,11_1998,4 601.2,3 178.7, 515.5, 493.4, 67.0, 426.4, 88.2, 22.2, 56.0, 10.0, 325.4,,,
12,Guerrero,1998,12_1998,5 814.4,3 973.5, 724.8, 736.1, 107.4, 628.7, 164.6, 73.0, 87.1, 4.5, 215.4,,,
13,Hidalgo,1998,13_1998,3 690.7,2 665.0, 384.7, 356.0, 44.1, 311.9, 129.0, 52.9, 56.9, 19.2, 156.0,,,
14,Jalisco,1998,14_1998,6 034.9,4 179.2, 835.0, 391.6, 50.0, 341.6, 186.6, 48.2, 108.7, 29.7, 442.5,,,
15,México,1998,15_1998,10 244.2,6 939.5,1 534.9, 696.9, 100.9, 596.0, 208.3, 71.9, 121.4, 15.0, 864.6,,,
16,Michoacán de Ocampo,1998,16_1998,5 487.2,4 058.3, 500.4, 522.6, 71.8, 450.8, 120.0, 42.2, 70.8, 7.0, 285.9,,,
17,Morelos,1998,17_1998,2 131.0,1 531.0, 269.6, 162.6, 11.9, 150.7, 61.3, 25.7, 30.6, 5.0, 106.5,,,
18,Nayarit,1998,18_1998,1 741.2,1 249.5, 208.5, 152.8, 10.2, 142.6, 64.2, 21.3, 27.7, 15.2, 66.2,,,
19,Nuevo León,1998,19_1998,3 857.3,2 817.3, 453.6, 210.5, 19.8, 190.7, 113.7, 42.1, 49.7, 21.9, 262.2,,,
20,Oaxaca,1998,20_1998,5 640.2,3 986.5, 534.7, 699.2, 101.3, 597.9, 181.3, 74.1, 104.2, 3.0, 238.5,,,
21,Puebla,1998,21_1998,5 156.3,3 500.0, 464.3, 696.0, 100.7, 595.3, 154.5, 63.2, 84.3, 7.0, 341.5,,,
22,Querétaro,1998,22_1998,1 907.1,1 303.4, 241.7, 203.6, 18.7, 184.9, 66.0, 27.9, 34.1, 4.0, 92.4,,,
23,Quintana Roo,1998,23_1998,1 463.7,1 008.7, 210.8, 144.4, 8.8, 135.6, 47.8, 8.4, 32.4, 7.0, 52.0,,,
24,San Luis Potosí,1998,24_1998,3 465.2,2 591.5, 280.5, 352.3, 43.5, 308.8, 78.4, 14.4, 46.2, 17.8, 162.5,,,
25,Sinaloa,1998,25_1998,3 054.2,2 234.6, 345.4, 197.2, 17.6, 179.6, 97.9, 35.0, 47.7, 15.2, 179.1,,,
26,Sonora,1998,26_1998,2 971.9,2 131.3, 432.3, 164.4, 12.2, 152.2, 89.9, 34.6, 41.9, 13.4, 154.0,,,
27,Tabasco,1998,27_1998,2 792.9,1 900.9, 376.5, 274.4, 30.5, 243.9, 111.9, 47.6, 58.0, 6.3, 129.2,,,
28,Tamaulipas,1998,28_1998,3 948.6,2 933.3, 501.0, 231.6, 23.4, 208.2, 96.1, 33.7, 48.1, 14.3, 186.6,,,
29,Tlaxcala,1998,29_1998,1 547.8,1 078.2, 179.2, 157.7, 11.0, 146.7, 67.4, 36.0, 27.4, 4.0, 65.3,,,
30,Veracruz de Ignacio de la Llave,1998,30_1998,8 891.9,6 541.9, 650.6, 979.9, 148.0, 831.9, 221.9, 77.7, 136.7, 7.5, 497.6,,,
31,Yucatán,1998,31_1998,2 318.1,1 518.3, 303.3, 297.2, 34.3, 262.9, 84.3, 38.4, 41.4, 4.5, 115.0,,,
32,Zacatecas,1998,32_1998,2 322.7,1 718.3, 204.0, 238.7, 24.5, 214.2, 63.0, 26.8, 33.1, 3.1, 98.7,,,
00,Nacional,1999,00_1999,163 880.5,97 417.2,18 190.1,13 933.6,1 688.7,12 244.9,4 558.0,2 090.5,1 935.0, 532.5,13 097.6, 151.3,4 715.0,
01,Aguascalientes,1999,01_1999,1 937.0,1 279.5, 278.3, 109.8, 6.8, 103.0, 65.7, 28.0, 28.5, 9.2, 136.7, 2.0, 65.0,
02,Baja California,1999,02_1999,3 952.2,2 790.7, 403.8, 126.9, 9.2, 117.7, 83.5, 14.2, 50.7, 18.6, 334.6, 5.1, 207.6,
03,Baja California Sur,1999,03_1999,1 392.9, 899.1, 211.3, 76.5, 2.1, 74.4, 40.3, 16.5, 19.0, 4.8, 59.5, 1.2, 105.0,
04,Campeche,1999,04_1999,1 991.7,1 255.5, 275.6, 195.1, 18.8, 176.3, 72.4, 9.3, 46.2, 16.9, 101.8, 1.3, 90.0,
05,Coahuila de Zaragoza,1999,05_1999,3 999.7,2 848.4, 363.0, 177.8, 16.4, 161.4, 123.4, 21.3, 52.1, 50.0, 344.4, 6.9, 135.8,
06,Colima,1999,06_1999,1 328.2, 830.5, 228.9, 88.3, 3.8, 84.5, 47.8, 12.7, 25.1, 10.0, 77.3, 1.4, 54.0,
07,Chiapas,1999,07_1999,8 358.6,5 325.9, 856.2,1 193.8, 158.9,1 034.9, 204.6, 102.6, 89.8, 12.2, 568.0, 7.4, 202.7,
08,Chihuahua,1999,08_1999,4 477.2,3 008.6, 481.8, 267.4, 28.9, 238.5, 119.5, 35.1, 51.7, 32.7, 442.6, 4.1, 153.2,
09,Distrito Federal,1999,09_1999,13 883.4,,1 158.9, 0.0,,, 581.8, 581.8,,,,, 325.0,
10,Durango,1999,10_1999,3 355.3,2 253.2, 386.3, 257.5, 27.5, 230.0, 106.9, 64.6, 36.8, 5.5, 226.8, 1.4, 123.2,
11,Guanajuato,1999,11_1999,6 238.5,3 866.5, 674.3, 700.4, 89.7, 610.7, 119.4, 29.3, 66.2, 23.9, 698.1, 4.8, 175.0,
12,Guerrero,1999,12_1999,7 705.3,4 875.5, 942.3,1 086.3, 143.8, 942.5, 196.5, 90.6, 95.8, 10.1, 462.1, 2.6, 140.0,
13,Hidalgo,1999,13_1999,4 800.6,3 186.2, 508.5, 481.9, 59.0, 422.9, 165.6, 65.6, 65.5, 34.5, 334.7, 1.8, 121.9,
14,Jalisco,1999,14_1999,8 097.2,5 062.0,1 137.1, 538.6, 67.0, 471.6, 203.9, 61.5, 122.9, 19.5, 949.2, 6.4, 200.0,
15,México,1999,15_1999,14 813.8,9 104.6,2 180.6,1 024.0, 135.1, 888.9, 256.6, 93.1, 141.5, 22.0,1 854.9, 33.1, 360.0,
16,Michoacán de Ocampo,1999,16_1999,7 205.4,4 853.3, 667.1, 746.9, 96.2, 650.7, 144.4, 55.4, 81.0, 8.0, 613.2, 7.4, 173.1,
17,Morelos,1999,17_1999,2 767.5,1 854.1, 342.8, 174.3, 15.9, 158.4, 74.4, 32.4, 36.0, 6.0, 228.6, 3.3, 90.0,
18,Nayarit,1999,18_1999,2 222.9,1 527.2, 264.2, 159.0, 13.7, 145.3, 66.0, 31.5, 31.0, 3.5, 142.1, 1.4, 63.0,
19,Nuevo León,1999,19_1999,5 068.0,3 335.6, 569.3, 250.6, 26.6, 224.0, 147.3, 57.0, 55.1, 35.2, 562.5, 10.0, 192.7,
20,Oaxaca,1999,20_1999,7 499.2,4 885.5, 698.3,1 027.6, 135.6, 892.0, 226.3, 97.9, 119.0, 9.4, 511.6,, 149.9,
21,Puebla,1999,21_1999,6 989.7,4 239.7, 607.9,1 022.7, 135.0, 887.7, 204.3, 80.9, 98.2, 25.2, 732.7, 5.6, 176.8,
22,Querétaro,1999,22_1999,2 537.1,1 583.7, 327.4, 239.5, 25.0, 214.5, 101.9, 36.5, 40.0, 25.4, 198.1, 1.5, 85.0,
23,Quintana Roo,1999,23_1999,1 905.6,1 221.6, 299.5, 145.4, 11.8, 133.6, 60.1, 12.4, 36.9, 10.8, 111.5, 2.5, 65.0,
24,San Luis Potosí,1999,24_1999,4 545.7,3 134.4, 365.4, 475.9, 58.2, 417.7, 85.2, 20.9, 53.1, 11.2, 348.7, 4.7, 131.4,
25,Sinaloa,1999,25_1999,4 018.4,2 713.4, 430.8, 229.5, 23.6, 205.9, 114.0, 47.7, 54.3, 12.0, 384.3, 8.7, 137.7,
26,Sonora,1999,26_1999,3 986.7,2 570.4, 543.2, 177.2, 16.3, 160.9, 140.9, 46.3, 47.2, 47.4, 330.4, 10.2, 214.4,
27,Tabasco,1999,27_1999,3 728.0,2 313.0, 520.6, 352.2, 40.8, 311.4, 135.8, 59.7, 64.7, 11.4, 277.1, 2.8, 126.5,
28,Tamaulipas,1999,28_1999,5 174.4,3 510.3, 668.3, 284.1, 31.3, 252.8, 112.8, 44.1, 54.1, 14.6, 400.4, 6.8, 191.7,
29,Tlaxcala,1999,29_1999,1 985.4,1 294.7, 235.3, 166.6, 14.8, 151.8, 83.8, 46.8, 31.3, 5.7, 140.0,, 65.0,
30,Veracruz de Ignacio de la Llave,1999,30_1999,11 825.3,7 882.3, 899.4,1 474.0, 198.2,1 275.8, 266.0, 101.6, 156.4, 8.0,1 067.4,, 236.2,
31,Yucatán,1999,31_1999,3 080.3,1 849.1, 397.2, 388.4, 45.9, 342.5, 102.7, 51.5, 46.6, 4.6, 246.6, 5.8, 90.5,
32,Zacatecas,1999,32_1999,3 009.3,2 062.7, 266.5, 295.4, 32.8, 262.6, 104.2, 41.7, 38.3, 24.2, 211.7, 1.1, 67.7,
00,Nacional,2000,00_2000,195 291.2,115 263.7,22 832.4,15 989.7,1 937.9,14 051.8,5 227.4,2 395.6,2 128.6, 703.2,15 030.3,2 051.6,5 213.9,
01,Aguascalientes,2000,01_2000,2 230.1,1 484.3, 345.9, 64.5, 7.8, 56.7, 73.6, 32.2, 31.6, 9.8, 156.9, 30.8, 74.1,
02,Baja California,2000,02_2000,4 883.3,3 499.8, 517.7, 87.3, 10.6, 76.7, 106.2, 16.4, 55.6, 34.2, 384.0, 61.3, 227.0,
03,Baja California Sur,2000,03_2000,1 671.0,1 145.0, 259.7, 20.5, 2.5, 18.0, 45.0, 19.2, 20.8, 5.0, 68.3, 17.5, 115.0,
04,Campeche,2000,04_2000,2 314.4,1 465.8, 348.7, 177.7, 21.5, 156.2, 83.1, 10.9, 49.6, 22.6, 116.8, 31.8, 90.5,
05,Coahuila de Zaragoza,2000,05_2000,4 798.8,3 413.6, 447.3, 154.9, 18.8, 136.1, 143.1, 23.2, 56.9, 63.0, 395.2, 96.4, 148.3,
06,Colima,2000,06_2000,1 663.6,1 052.6, 350.9, 36.1, 4.4, 31.7, 54.7, 14.3, 28.1, 12.3, 88.7, 21.3, 59.3,
07,Chiapas,2000,07_2000,10 116.7,6 294.8,1 137.5,1 504.7, 182.4,1 322.3, 234.9, 118.9, 97.8, 18.2, 651.8, 72.1, 220.9,
08,Chihuahua,2000,08_2000,5 307.6,3 515.8, 611.2, 274.0, 33.2, 240.8, 153.5, 41.2, 56.3, 56.0, 507.9, 72.8, 172.4,
09,Distrito Federal,2000,09_2000,16 043.2,,1 338.2, 0.0,,, 651.2, 651.2,,,,, 371.6,
10,Durango,2000,10_2000,3 900.8,2 624.4, 475.2, 260.8, 31.6, 229.2, 120.7, 74.3, 40.5, 5.9, 260.3, 25.0, 134.4,
11,Guanajuato,2000,11_2000,7 494.0,4 507.1, 872.8, 849.1, 102.9, 746.2, 156.3, 34.0, 75.4, 46.9, 801.2, 115.0, 192.5,
12,Guerrero,2000,12_2000,9 283.8,5 713.6,1 232.7,1 361.8, 165.0,1 196.8, 224.3, 106.0, 104.6, 13.7, 530.3, 67.0, 154.1,
13,Hidalgo,2000,13_2000,5 652.4,3 707.9, 630.2, 558.9, 67.7, 491.2, 203.9, 75.2, 71.8, 56.9, 384.1, 35.7, 131.7,
14,Jalisco,2000,14_2000,9 770.3,5 978.1,1 480.8, 634.3, 76.9, 557.4, 246.5, 71.4, 135.1, 40.0,1 089.3, 111.3, 230.0,
15,México,2000,15_2000,18 161.1,11 064.1,2 696.5,1 279.0, 155.0,1 124.0, 291.6, 107.0, 158.2, 26.4,2 128.7, 301.4, 399.8,
16,Michoacán de Ocampo,2000,16_2000,8 571.9,5 685.6, 813.1, 910.9, 110.4, 800.5, 178.3, 65.1, 90.1, 23.1, 703.7, 87.1, 193.2,
17,Morelos,2000,17_2000,3 218.1,2 168.1, 420.8, 150.2, 18.2, 132.0, 84.2, 37.3, 40.5, 6.4, 262.3, 35.7, 96.8,
18,Nayarit,2000,18_2000,2 636.0,1 834.2, 338.3, 129.8, 15.7, 114.1, 74.1, 36.3, 34.0, 3.8, 163.0, 23.9, 72.7,
19,Nuevo León,2000,19_2000,5 878.1,3 856.1, 686.6, 251.6, 30.5, 221.1, 158.6, 64.3, 60.1, 34.2, 645.5, 64.2, 215.5,
20,Oaxaca,2000,20_2000,9 104.1,5 890.1, 889.0,1 283.9, 155.6,1 128.3, 255.7, 116.3, 129.7, 9.7, 587.0, 30.8, 167.6,
21,Puebla,2000,21_2000,8 421.0,5 014.9, 749.0,1 277.2, 154.8,1 122.4, 252.1, 94.0, 109.6, 48.5, 840.8, 96.5, 190.5,
22,Querétaro,2000,22_2000,2 951.0,1 851.7, 420.1, 236.8, 28.7, 208.1, 98.5, 42.2, 44.6, 11.7, 227.3, 24.4, 92.2,
23,Quintana Roo,2000,23_2000,2 267.4,1 485.1, 372.4, 111.8, 13.5, 98.3, 61.6, 14.1, 40.5, 7.0, 127.9, 37.6, 71.0,
24,San Luis Potosí,2000,24_2000,5 351.0,3 631.2, 467.8, 551.0, 66.8, 484.2, 101.5, 23.5, 59.0, 19.0, 400.1, 55.0, 144.4,
25,Sinaloa,2000,25_2000,4 787.6,3 209.1, 542.6, 223.5, 27.1, 196.4, 126.9, 54.7, 59.4, 12.8, 441.0, 90.3, 154.2,
26,Sonora,2000,26_2000,4 718.9,3 030.3, 654.4, 154.0, 18.7, 135.3, 153.5, 53.5, 51.4, 48.6, 379.2, 92.6, 254.9,
27,Tabasco,2000,27_2000,4 338.7,2 681.0, 602.8, 386.5, 46.8, 339.7, 152.5, 69.1, 69.4, 14.0, 317.9, 59.5, 138.5,
28,Tamaulipas,2000,28_2000,6 199.0,4 191.4, 838.5, 296.1, 35.9, 260.2, 125.6, 51.1, 59.5, 15.0, 459.5, 77.6, 210.3,
29,Tlaxcala,2000,29_2000,2 349.6,1 542.4, 313.7, 140.0, 17.0, 123.0, 100.2, 53.8, 34.6, 11.8, 160.7, 22.7, 69.9,
30,Veracruz de Ignacio de la Llave,2000,30_2000,14 049.3,9 121.8,1 157.6,1 877.0, 227.5,1 649.5, 297.8, 117.7, 170.4, 9.7,1 224.9, 122.4, 247.8,
31,Yucatán,2000,31_2000,3 664.8,2 187.5, 496.1, 434.7, 52.7, 382.0, 114.6, 58.8, 50.9, 4.9, 283.0, 50.3, 98.6,
32,Zacatecas,2000,32_2000,3 493.6,2 416.3, 324.3, 311.1, 37.7, 273.4, 103.1, 48.4, 42.6, 12.1, 243.0, 21.6, 74.2,
00,Nacional,2001,00_2001,224 216.6,130 648.4,25 336.7,19 064.1,2 310.6,16 753.5,6 231.1,2 854.4,2 514.4, 862.3,19 539.1,2 811.5,5 786.4,
01,Aguascalientes,2001,01_2001,2 563.3,1 683.9, 400.3, 76.9, 9.3, 67.6, 91.1, 39.5, 38.0, 13.6, 190.5, 39.5, 81.1,
02,Baja California,2001,02_2001,5 578.2,3 966.9, 565.0, 104.1, 12.6, 91.5, 114.6, 27.6, 65.5, 21.5, 502.2, 86.4, 239.0,
03,Baja California Sur,2001,03_2001,1 874.2,1 286.2, 282.5, 24.3, 2.9, 21.4, 55.1, 24.0, 24.7, 6.4, 85.5, 24.2, 116.4,
04,Campeche,2001,04_2001,2 636.6,1 660.0, 391.6, 212.0, 25.7, 186.3, 94.5, 18.0, 56.4, 20.1, 139.2, 45.8, 93.5,
05,Coahuila de Zaragoza,2001,05_2001,5 400.7,3 840.8, 511.3, 184.6, 22.4, 162.2, 120.2, 34.6, 66.2, 19.4, 463.5, 121.5, 158.8,
06,Colima,2001,06_2001,1 801.3,1 189.8, 297.5, 42.9, 5.2, 37.7, 69.0, 19.1, 35.7, 14.2, 109.1, 28.9, 64.1,
07,Chiapas,2001,07_2001,11 528.0,7 070.2,1 205.3,1 793.9, 217.4,1 576.5, 281.6, 142.6, 116.4, 22.6, 791.4, 146.9, 238.7,
08,Chihuahua,2001,08_2001,6 022.3,3 926.8, 693.5, 326.7, 39.6, 287.1, 187.7, 50.4, 64.2, 73.1, 615.3, 91.2, 181.1,
09,Distrito Federal,2001,09_2001,19 222.0,,1 500.0, 0.0,,, 724.8, 724.8,,,1 618.9,, 579.0,
10,Durango,2001,10_2001,4 384.8,2 912.6, 539.7, 311.0, 37.7, 273.3, 143.3, 86.5, 48.4, 8.4, 291.9, 45.9, 140.4,
11,Guanajuato,2001,11_2001,8 517.1,5 143.0, 942.1,1 012.5, 122.7, 889.8, 154.9, 42.3, 94.6, 18.0, 940.1, 113.8, 210.7,
12,Guerrero,2001,12_2001,10 584.1,6 531.7,1 285.6,1 623.7, 196.8,1 426.9, 257.9, 127.3, 120.6, 10.0, 620.6, 99.9, 164.7,
13,Hidalgo,2001,13_2001,6 433.6,4 227.8, 699.1, 666.4, 80.8, 585.6, 190.2, 87.9, 84.4, 17.9, 450.4, 59.2, 140.5,
14,Jalisco,2001,14_2001,11 094.8,6 689.9,1 697.8, 756.1, 91.6, 664.5, 279.9, 85.8, 159.2, 34.9,1 276.1, 150.8, 244.2,
15,México,2001,15_2001,20 778.7,12 393.8,3 030.3,1 524.9, 184.8,1 340.1, 386.4, 130.1, 191.1, 65.2,2 641.2, 369.8, 432.3,
16,Michoacán de Ocampo,2001,16_2001,9 813.7,6 473.0, 911.9,1 086.0, 131.6, 954.4, 219.1, 82.1, 108.4, 28.6, 803.3, 119.3, 201.1,
17,Morelos,2001,17_2001,3 705.4,2 476.1, 468.8, 179.1, 21.7, 157.4, 118.0, 46.7, 49.9, 21.4, 313.5, 47.2, 102.7,
18,Nayarit,2001,18_2001,3 072.2,2 055.2, 372.1, 154.8, 18.8, 136.0, 117.2, 45.3, 39.8, 32.1, 185.7, 40.3, 146.9,
19,Nuevo León,2001,19_2001,6 665.3,4 349.2, 775.0, 300.0, 36.3, 263.7, 169.3, 75.0, 71.3, 23.0, 772.4, 70.7, 228.7,
20,Oaxaca,2001,20_2001,10 684.5,6 961.2, 949.9,1 530.7, 185.5,1 345.2, 299.2, 139.7, 148.9, 10.6, 692.9, 70.2, 180.4,
21,Puebla,2001,21_2001,9 841.1,5 796.8, 862.8,1 522.9, 184.6,1 338.3, 305.1, 112.8, 130.8, 61.5,1 023.6, 121.9, 208.0,
22,Querétaro,2001,22_2001,3 414.1,2 112.8, 471.6, 282.3, 34.2, 248.1, 120.3, 53.1, 53.8, 13.4, 283.0, 42.9, 101.2,
23,Quintana Roo,2001,23_2001,2 690.5,1 718.0, 429.1, 133.5, 16.2, 117.3, 105.2, 18.6, 47.7, 38.9, 176.4, 49.1, 79.2,
24,San Luis Potosí,2001,24_2001,6 130.4,4 134.6, 534.1, 656.9, 79.6, 577.3, 118.3, 32.4, 70.1, 15.8, 463.6, 72.1, 150.8,
25,Sinaloa,2001,25_2001,5 452.7,3 608.1, 611.4, 266.6, 32.4, 234.2, 158.0, 66.1, 70.0, 21.9, 511.7, 121.5, 175.4,
26,Sonora,2001,26_2001,5 335.6,3 393.9, 775.8, 183.7, 22.3, 161.4, 188.5, 65.3, 59.6, 63.6, 446.8, 120.6, 226.3,
27,Tabasco,2001,27_2001,4 954.7,3 044.9, 657.7, 460.9, 55.9, 405.0, 185.0, 80.6, 78.9, 25.5, 381.4, 77.0, 147.8,
28,Tamaulipas,2001,28_2001,7 106.6,4 759.2, 929.3, 352.8, 42.8, 310.0, 188.7, 62.3, 70.7, 55.7, 554.6, 104.8, 217.2,
29,Tlaxcala,2001,29_2001,2 666.3,1 721.5, 352.2, 166.8, 20.2, 146.6, 122.7, 62.7, 41.1, 18.9, 194.2, 36.4, 72.5,
30,Veracruz de Ignacio de la Llave,2001,30_2001,15 985.9,10 255.7,1 296.2,2 237.8, 271.2,1 966.6, 353.7, 139.2, 198.2, 16.3,1 393.1, 180.4, 269.0,
31,Yucatán,2001,31_2001,4 244.5,2 485.7, 544.4, 518.3, 62.8, 455.5, 177.6, 69.4, 59.1, 49.1, 334.2, 74.3, 110.0,
32,Zacatecas,2001,32_2001,4 033.4,2 779.1, 352.8, 371.0, 45.0, 326.0, 134.0, 62.6, 50.7, 20.7, 272.8, 39.0, 84.7,
00,Nacional,2002,00_2002,241 824.1,141 175.9,27 588.1,21 783.9,2 640.2,19 143.7,7 115.1,3 257.3,2 514.5,1 343.3,22 326.7,2 946.8,3 210.0,
01,Aguascalientes,2002,01_2002,2 744.7,1 810.1, 433.5, 81.2, 9.8, 71.4, 118.5, 44.3, 38.0, 36.2, 217.5, 42.1, 41.8,
02,Baja California,2002,02_2002,6 033.5,4 265.6, 602.3, 160.7, 19.4, 141.3, 141.0, 35.4, 65.5, 40.1, 573.1, 90.6, 200.2,
03,Baja California Sur,2002,03_2002,1 946.0,1 382.9, 306.1, 33.6, 4.1, 29.5, 50.7, 26.0, 24.7,, 97.7, 26.0, 49.0,
04,Campeche,2002,04_2002,2 771.7,1 783.8, 430.2, 208.8, 25.3, 183.5, 94.4, 21.5, 56.4, 16.5, 159.1, 46.9, 48.5,
05,Coahuila de Zaragoza,2002,05_2002,5 784.3,4 116.5, 559.0, 174.0, 21.1, 152.9, 190.4, 40.4, 66.2, 83.8, 529.4, 124.8, 90.2,
06,Colima,2002,06_2002,1 971.2,1 281.4, 353.9, 52.6, 6.4, 46.2, 87.5, 22.1, 35.7, 29.7, 125.0, 29.8, 41.0,
07,Chiapas,2002,07_2002,12 908.5,7 626.4,1 285.2,2 506.7, 303.8,2 202.9, 301.3, 166.9, 116.3, 18.1, 903.3, 151.0, 134.6,
08,Chihuahua,2002,08_2002,6 555.9,4 263.0, 750.3, 452.9, 54.9, 398.0, 188.6, 59.2, 64.2, 65.2, 703.4, 97.2, 100.5,
09,Distrito Federal,2002,09_2002,20 140.9,,1 648.3, 0.0,,, 760.0, 760.0,,,1 849.9,, 205.1,
10,Durango,2002,10_2002,4 767.3,3 166.7, 622.5, 357.8, 43.4, 314.4, 163.7, 96.7, 48.5, 18.5, 333.7, 50.4, 72.5,
11,Guanajuato,2002,11_2002,9 212.1,5 576.0,1 018.5,1 100.4, 133.4, 967.0, 212.5, 59.6, 94.7, 58.2,1 074.3, 117.9, 112.5,
12,Guerrero,2002,12_2002,11 388.3,7 081.8,1 391.9,1 720.3, 208.6,1 511.7, 287.7, 145.2, 120.6, 21.9, 709.5, 103.9, 93.2,
13,Hidalgo,2002,13_2002,7 004.4,4 628.2, 800.2, 702.3, 85.1, 617.2, 226.6, 96.2, 84.4, 46.0, 515.1, 61.3, 70.7,
14,Jalisco,2002,14_2002,11 801.7,7 240.1,1 771.6, 695.3, 84.3, 611.0, 337.2, 107.3, 159.1, 70.8,1 456.5, 156.1, 144.9,
15,México,2002,15_2002,22 218.3,13 194.3,3 171.6,1 780.1, 215.7,1 564.4, 417.4, 166.6, 191.2, 59.6,3 017.4, 388.6, 248.9,
16,Michoacán de Ocampo,2002,16_2002,10 499.5,6 967.5, 994.6,1 134.5, 137.5, 997.0, 255.5, 101.5, 108.4, 45.6, 918.3, 125.1, 104.0,
17,Morelos,2002,17_2002,4 015.6,2 646.5, 512.5, 247.8, 30.0, 217.8, 143.5, 53.7, 49.9, 39.9, 358.3, 48.5, 58.5,
18,Nayarit,2002,18_2002,3 243.9,2 203.6, 413.9, 184.6, 22.4, 162.2, 134.5, 51.0, 39.8, 43.7, 212.0, 41.8, 53.5,
19,Nuevo León,2002,19_2002,7 060.5,4 700.1, 840.8, 208.8, 25.3, 183.5, 228.9, 88.3, 71.3, 69.3, 883.4, 74.1, 124.4,
20,Oaxaca,2002,20_2002,12 056.7,7 603.0,1 040.6,2 122.5, 257.2,1 865.3, 328.1, 156.5, 148.9, 22.7, 792.3, 74.4, 95.8,
21,Puebla,2002,21_2002,10 744.7,6 293.4, 946.6,1 705.6, 206.7,1 498.9, 387.7, 138.6, 130.8, 118.3,1 169.6, 126.1, 115.7,
22,Querétaro,2002,22_2002,3 692.1,2 276.5, 549.2, 293.4, 35.5, 257.9, 152.6, 61.7, 53.8, 37.1, 323.5, 46.7, 50.2,
23,Quintana Roo,2002,23_2002,2 976.3,1 896.2, 447.1, 153.6, 18.6, 135.0, 110.9, 21.3, 47.7, 41.9, 201.6, 51.7, 115.2,
24,San Luis Potosí,2002,24_2002,6 621.3,4 471.2, 560.2, 761.9, 92.3, 669.6, 137.4, 40.9, 70.1, 26.4, 529.8, 77.0, 83.8,
25,Sinaloa,2002,25_2002,5 951.2,3 895.7, 657.8, 352.2, 42.7, 309.5, 187.2, 76.6, 70.0, 40.6, 584.5, 129.3, 144.5,
26,Sonora,2002,26_2002,5 651.3,3 658.8, 829.1, 208.7, 25.4, 183.3, 188.3, 73.3, 59.6, 55.4, 510.8, 127.4, 128.2,
27,Tabasco,2002,27_2002,5 390.5,3 293.1, 733.0, 582.2, 70.6, 511.6, 189.0, 90.2, 78.9, 19.9, 435.9, 82.6, 74.7,
28,Tamaulipas,2002,28_2002,7 623.7,5 153.2,1 017.6, 353.4, 42.9, 310.5, 243.3, 74.9, 70.7, 97.7, 634.3, 110.9, 111.0,
29,Tlaxcala,2002,29_2002,2 885.1,1 874.8, 404.8, 178.6, 21.6, 157.0, 130.2, 64.4, 41.2, 24.6, 221.8, 37.6, 37.3,
30,Veracruz de Ignacio de la Llave,2002,30_2002,17 293.0,11 100.5,1 473.6,2 394.9, 290.3,2 104.6, 397.5, 170.6, 198.1, 28.8,1 591.8, 187.0, 147.7,
31,Yucatán,2002,31_2002,4 435.2,2 682.1, 593.4, 454.1, 55.0, 399.1, 182.0, 78.5, 59.1, 44.4, 382.0, 77.1, 64.5,
32,Zacatecas,2002,32_2002,4 434.7,3 042.9, 428.2, 420.4, 50.9, 369.5, 141.0, 67.9, 50.7, 22.4, 311.9, 42.9, 47.4,
00,Nacional,2003,00_2003,265 399.5,156 392.5,32 936.3,22 332.7,2 706.7,19 626.0,7 287.7,3 332.7,2 595.7,1 359.3,22 889.2,3 156.6,2 733.0,
01,Aguascalientes,2003,01_2003,2 989.6,1 959.2, 494.0, 85.7, 10.4, 75.3, 142.3, 44.3, 39.6, 58.4, 223.0, 47.8, 37.6,
02,Baja California,2003,02_2003,6 463.2,4 650.7, 705.8, 164.3, 19.9, 144.4, 131.1, 35.4, 67.8, 27.9, 587.5, 98.3, 125.5,
03,Baja California Sur,2003,03_2003,2 117.0,1 495.0, 349.7, 34.6, 4.2, 30.4, 64.0, 26.1, 25.3, 12.6, 100.2, 30.1, 43.4,
04,Campeche,2003,04_2003,2 996.7,1 935.8, 503.3, 216.2, 26.2, 190.0, 91.3, 22.6, 57.8, 10.9, 163.1, 49.2, 37.8,
05,Coahuila de Zaragoza,2003,05_2003,6 338.1,4 588.2, 637.6, 182.5, 22.1, 160.4, 183.6, 41.5, 69.7, 72.4, 542.8, 130.0, 73.4,
06,Colima,2003,06_2003,2 180.5,1 434.3, 394.0, 55.2, 6.7, 48.5, 99.6, 22.1, 37.2, 40.3, 128.2, 33.2, 36.0,
07,Chiapas,2003,07_2003,14 095.5,8 228.5,1 834.5,2 533.9, 307.1,2 226.8, 306.2, 176.1, 120.1, 10.0, 926.1, 156.8, 109.5,
08,Chihuahua,2003,08_2003,7 302.9,4 834.9, 919.8, 458.0, 55.5, 402.5, 181.7, 60.4, 65.5, 55.8, 721.1, 102.4, 85.0,
09,Distrito Federal,2003,09_2003,22 455.8,,1 867.6, 0.0,,, 753.9, 753.9,,,1 896.5,, 266.3,
10,Durango,2003,10_2003,5 153.2,3 473.6, 699.5, 363.6, 44.1, 319.5, 160.1, 96.7, 49.8, 13.6, 342.2, 52.9, 61.3,
11,Guanajuato,2003,11_2003,9 850.1,5 995.6,1 212.1,1 125.2, 136.4, 988.8, 199.5, 64.0, 98.5, 37.0,1 101.4, 125.7, 90.6,
12,Guerrero,2003,12_2003,12 724.4,8 105.7,1 664.3,1 736.0, 210.4,1 525.6, 303.2, 151.6, 124.5, 27.1, 727.4, 110.0, 77.8,
13,Hidalgo,2003,13_2003,7 725.6,5 108.5, 997.4, 725.3, 87.9, 637.4, 241.0, 97.7, 86.7, 56.6, 528.1, 65.9, 59.4,
14,Jalisco,2003,14_2003,13 236.6,8 361.6,2 043.5, 716.1, 86.8, 629.3, 338.9, 111.0, 163.4, 64.5,1 493.2, 166.6, 116.7,
15,México,2003,15_2003,24 010.8,14 205.8,3 780.7,1 853.6, 224.7,1 628.9, 435.8, 178.8, 197.9, 59.1,3 093.4, 439.1, 202.4,
16,Michoacán de Ocampo,2003,16_2003,11 578.2,7 872.7,1 142.2,1 162.6, 140.9,1 021.7, 234.1, 104.7, 112.0, 17.4, 941.4, 131.0, 94.2,
17,Morelos,2003,17_2003,4 479.0,3 019.7, 583.9, 259.2, 31.4, 227.8, 140.9, 54.0, 51.3, 35.6, 367.3, 57.1, 50.9,
18,Nayarit,2003,18_2003,3 696.3,2 570.1, 480.6, 190.0, 23.0, 167.0, 147.3, 51.0, 41.1, 55.2, 217.3, 44.6, 46.4,
19,Nuevo León,2003,19_2003,7 635.3,5 141.7, 958.4, 216.3, 26.2, 190.1, 235.7, 88.3, 73.5, 73.9, 905.6, 79.0, 98.6,
20,Oaxaca,2003,20_2003,13 214.7,8 414.5,1 348.7,2 139.3, 259.3,1 880.0, 343.1, 166.7, 152.9, 23.5, 812.2, 75.4, 81.5,
21,Puebla,2003,21_2003,11 888.4,7 068.0,1 261.5,1 756.1, 212.8,1 543.3, 378.8, 146.2, 137.1, 95.5,1 199.1, 131.6, 93.3,
22,Querétaro,2003,22_2003,4 182.3,2 661.8, 635.6, 301.2, 36.5, 264.7, 157.2, 61.7, 55.5, 40.0, 331.7, 49.2, 45.6,
23,Quintana Roo,2003,23_2003,3 289.7,2 181.4, 525.5, 158.8, 19.2, 139.6, 114.8, 22.7, 49.4, 42.7, 206.7, 59.8, 42.7,
24,San Luis Potosí,2003,24_2003,7 408.6,5 053.5, 701.2, 783.2, 94.9, 688.3, 171.2, 43.9, 72.9, 54.4, 543.1, 81.7, 74.7,
25,Sinaloa,2003,25_2003,6 351.8,4 201.5, 772.5, 366.8, 44.5, 322.3, 188.0, 76.6, 72.2, 39.2, 599.2, 139.5, 84.3,
26,Sonora,2003,26_2003,6 110.3,3 971.9, 940.8, 217.7, 26.4, 191.3, 215.9, 73.3, 61.2, 81.4, 523.6, 135.9, 104.5,
27,Tabasco,2003,27_2003,5 831.7,3 605.2, 832.2, 600.6, 72.8, 527.8, 199.8, 91.8, 81.1, 26.9, 446.8, 86.8, 60.3,
28,Tamaulipas,2003,28_2003,8 638.1,5 954.2,1 159.3, 367.3, 44.5, 322.8, 204.3, 74.9, 72.4, 57.0, 650.3, 116.2, 186.5,
29,Tlaxcala,2003,29_2003,3 089.6,2 051.8, 439.5, 187.8, 22.8, 165.0, 112.4, 64.4, 42.3, 5.7, 227.4, 39.9, 30.8,
30,Veracruz de Ignacio de la Llave,2003,30_2003,18 705.9,11 978.9,1 858.1,2 471.3, 299.5,2 171.8, 447.2, 181.7, 203.6, 61.9,1 631.9, 194.0, 124.5,
31,Yucatán,2003,31_2003,4 779.2,2 882.3, 716.0, 475.5, 57.6, 417.9, 180.7, 80.8, 60.9, 39.0, 391.7, 81.8, 51.2,
32,Zacatecas,2003,32_2003,4 880.4,3 385.9, 476.5, 428.8, 52.0, 376.8, 184.1, 67.8, 52.5, 63.8, 319.7, 45.1, 40.3,
00,Nacional,2004,00_2004,275 764.7,162 265.2,34 532.1,23 511.6,2 849.6,20 662.0,7 655.4,3 491.7,2 835.3,1 328.4,24 097.6,3 269.0,3 500.0,
01,Aguascalientes,2004,01_2004,3 139.2,2 076.0, 511.2, 89.0, 10.8, 78.2, 123.1, 44.3, 37.6, 41.2, 236.4, 50.8, 52.7,
02,Baja California,2004,02_2004,6 900.7,4 869.3, 747.6, 173.1, 21.0, 152.1, 178.3, 38.6, 109.7, 30.0, 681.2, 103.5, 147.7,
03,Baja California Sur,2004,03_2004,2 254.6,1 581.3, 367.1, 36.4, 4.4, 32.0, 67.3, 26.0, 32.7, 8.6, 108.8, 32.9, 60.8,
04,Campeche,2004,04_2004,3 171.8,2 047.7, 530.0, 226.7, 27.5, 199.2, 91.2, 24.6, 52.1, 14.5, 170.6, 52.7, 52.9,
05,Coahuila de Zaragoza,2004,05_2004,6 623.8,4 721.0, 676.9, 190.2, 23.1, 167.1, 236.7, 43.7, 131.1, 61.9, 561.4, 134.9, 102.7,
06,Colima,2004,06_2004,2 292.7,1 458.6, 410.2, 57.5, 7.0, 50.5, 140.1, 22.1, 76.8, 41.2, 140.7, 35.2, 50.4,
07,Chiapas,2004,07_2004,14 773.7,8 787.9,1 675.4,2 685.2, 325.5,2 359.7, 324.2, 192.5, 107.4, 24.3, 984.8, 162.9, 153.3,
08,Chihuahua,2004,08_2004,7 848.6,5 228.5, 975.1, 485.0, 58.8, 426.2, 161.6, 64.6, 50.6, 46.4, 771.8, 107.6, 119.0,
09,Distrito Federal,2004,09_2004,21 881.1,,1 997.0, 0.0,,, 737.7, 737.7,,,1 996.6,, 216.0,
10,Durango,2004,10_2004,5 401.8,3 607.4, 765.3, 384.2, 46.6, 337.6, 161.2, 96.7, 54.3, 10.2, 342.2, 55.7, 85.8,
11,Guanajuato,2004,11_2004,10 487.1,6 411.1,1 263.6,1 185.8, 143.7,1 042.1, 232.0, 73.7, 131.6, 26.7,1 138.5, 129.2, 126.9,
12,Guerrero,2004,12_2004,13 086.8,8 178.2,1 762.4,1 840.6, 223.0,1 617.6, 331.7, 160.6, 128.2, 42.9, 751.5, 113.4, 109.0,
13,Hidalgo,2004,13_2004,8 119.9,5 321.7,1 089.4, 761.3, 92.3, 669.0, 249.6, 101.8, 81.3, 66.5, 545.6, 69.1, 83.2,
14,Jalisco,2004,14_2004,13 381.0,8 322.0,2 125.0, 752.0, 91.1, 660.9, 304.4, 122.9, 138.0, 43.5,1 542.2, 172.0, 163.4,
15,México,2004,15_2004,25 649.4,15 120.5,3 980.0,1 937.5, 234.8,1 702.7, 503.5, 205.8, 231.0, 66.7,3 396.5, 428.1, 283.3,
16,Michoacán de Ocampo,2004,16_2004,11 867.5,7 927.4,1 238.4,1 224.1, 148.3,1 075.8, 255.7, 114.7, 123.8, 17.2, 954.3, 135.7, 131.9,
17,Morelos,2004,17_2004,4 591.6,3 031.6, 624.4, 270.4, 32.8, 237.6, 139.7, 55.8, 52.4, 31.5, 390.2, 64.1, 71.2,
18,Nayarit,2004,18_2004,3 730.9,2 517.3, 500.1, 199.7, 24.2, 175.5, 181.7, 51.0, 46.6, 84.1, 219.1, 48.1, 64.9,
19,Nuevo León,2004,19_2004,8 046.2,5 389.4,1 012.4, 226.5, 27.5, 199.0, 244.1, 90.1, 98.6, 55.4, 952.4, 83.4, 138.0,
20,Oaxaca,2004,20_2004,13 857.6,8 818.6,1 408.6,2 269.7, 275.1,1 994.6, 325.9, 179.8, 134.2, 11.9, 842.5, 78.2, 114.1,
21,Puebla,2004,21_2004,12 428.9,7 255.9,1 357.2,1 845.5, 223.7,1 621.8, 414.1, 163.8, 147.5, 102.8,1 288.1, 137.4, 130.7,
22,Querétaro,2004,22_2004,4 247.1,2 623.5, 686.3, 316.9, 38.4, 278.5, 144.7, 62.3, 55.2, 27.2, 359.2, 52.7, 63.8,
23,Quintana Roo,2004,23_2004,3 452.5,2 249.3, 546.9, 166.5, 20.1, 146.4, 121.4, 25.0, 66.3, 30.1, 242.3, 66.2, 59.9,
24,San Luis Potosí,2004,24_2004,7 588.1,5 117.9, 732.6, 823.7, 99.8, 723.9, 170.3, 50.6, 82.2, 37.5, 555.7, 83.4, 104.5,
25,Sinaloa,2004,25_2004,6 694.2,4 449.4, 821.3, 383.2, 46.4, 336.8, 185.3, 79.0, 76.2, 30.1, 613.1, 139.3, 102.6,
26,Sonora,2004,26_2004,6 447.4,4 157.5, 984.2, 227.4, 27.6, 199.8, 243.4, 73.3, 69.2, 100.9, 542.8, 145.9, 146.2,
27,Tabasco,2004,27_2004,6 124.3,3 787.0, 848.8, 630.6, 76.4, 554.2, 212.4, 93.3, 77.9, 41.2, 469.3, 91.8, 84.4,
28,Tamaulipas,2004,28_2004,8 621.7,5 821.5,1 219.4, 384.2, 46.6, 337.6, 253.7, 76.8, 94.7, 82.2, 687.6, 120.2, 135.1,
29,Tlaxcala,2004,29_2004,3 237.9,2 134.1, 469.9, 195.5, 23.7, 171.8, 112.6, 64.5, 44.1, 4.0, 240.1, 42.6, 43.1,
30,Veracruz de Ignacio de la Llave,2004,30_2004,19 703.5,12 671.0,1 963.4,2 594.7, 314.5,2 280.2, 452.9, 204.2, 177.3, 71.4,1 646.2, 201.0, 174.3,
31,Yucatán,2004,31_2004,5 043.6,3 047.2, 747.3, 496.0, 60.1, 435.9, 191.6, 84.1, 64.0, 43.5, 406.6, 83.1, 71.8,
32,Zacatecas,2004,32_2004,5 069.5,3 535.4, 494.7, 452.5, 54.8, 397.7, 163.3, 67.8, 62.7, 32.8, 319.3, 47.9, 56.4,
00,Nacional,2005,00_2005,309 173.0,180 571.1,38 042.6,26 639.1,3 228.7,23 410.4,8 673.7,3 956.1,3 195.4,1 522.2,27 303.0,3 527.4,5 000.0,
01,Aguascalientes,2005,01_2005,3 433.9,2 241.8, 558.2, 100.8, 12.2, 88.6, 133.1, 45.1, 34.7, 53.3, 268.8, 55.2, 76.0,
02,Baja California,2005,02_2005,8 171.6,5 846.2, 812.5, 196.1, 23.7, 172.4, 212.0, 49.8, 125.4, 36.8, 788.0, 110.9, 205.9,
03,Baja California Sur,2005,03_2005,2 496.1,1 711.6, 423.3, 41.2, 5.0, 36.2, 67.1, 26.3, 34.3, 6.5, 124.6, 35.6, 92.7,
04,Campeche,2005,04_2005,3 768.1,2 475.5, 613.2, 256.9, 31.2, 225.7, 97.3, 31.1, 53.8, 12.4, 193.2, 55.6, 76.4,
05,Coahuila de Zaragoza,2005,05_2005,7 786.7,5 665.6, 745.2, 215.4, 26.1, 189.3, 240.6, 52.6, 127.7, 60.3, 633.3, 144.1, 142.5,
06,Colima,2005,06_2005,2 598.3,1 646.3, 465.0, 65.1, 7.9, 57.2, 147.0, 23.3, 81.6, 42.1, 160.6, 39.6, 74.7,
07,Chiapas,2005,07_2005,16 319.5,9 532.4,1 820.1,3 042.3, 368.7,2 673.6, 416.9, 236.5, 115.7, 64.7,1 119.7, 175.6, 212.5,
08,Chihuahua,2005,08_2005,8 583.5,5 588.8,1 079.5, 549.5, 66.6, 482.9, 198.1, 76.4, 53.6, 68.1, 877.4, 118.7, 171.5,
09,Distrito Federal,2005,09_2005,24 915.5, 0.0,2 182.6, 0.0, 0.0, 0.0, 738.7, 738.7, 0.0, 0.0,2 262.2, 0.0, 315.9,
10,Durango,2005,10_2005,5 984.4,3 963.2, 852.6, 435.3, 52.8, 382.5, 171.2, 97.8, 57.9, 15.5, 382.0, 59.3, 120.8,
11,Guanajuato,2005,11_2005,11 779.7,7 148.8,1 385.0,1 343.6, 162.9,1 180.7, 293.6, 99.8, 141.9, 51.9,1 284.6, 143.2, 180.9,
12,Guerrero,2005,12_2005,14 865.7,9 366.4,1 949.9,2 085.5, 252.8,1 832.7, 342.9, 183.0, 141.9, 18.0, 847.5, 121.1, 152.4,
13,Hidalgo,2005,13_2005,9 367.5,6 202.7,1 180.7, 862.5, 104.5, 758.0, 307.8, 112.3, 86.8, 108.7, 615.7, 74.3, 123.8,
14,Jalisco,2005,14_2005,15 204.3,9 555.4,2 306.3, 852.1, 103.3, 748.8, 340.5, 156.6, 145.9, 38.0,1 738.9, 182.3, 228.8,
15,México,2005,15_2005,27 913.1,16 025.1,4 345.3,2 195.3, 266.1,1 929.2, 597.8, 268.9, 254.0, 74.9,3 882.3, 462.6, 404.7,
16,Michoacán de Ocampo,2005,16_2005,13 127.1,8 550.7,1 336.6,1 387.0, 168.1,1 218.9, 450.0, 141.8, 290.7, 17.5,1 069.9, 147.2, 185.7,
17,Morelos,2005,17_2005,5 049.5,3 270.6, 686.0, 306.3, 37.1, 269.2, 169.3, 61.2, 54.8, 53.3, 442.2, 67.9, 107.2,
18,Nayarit,2005,18_2005,4 111.6,2 751.7, 568.5, 226.2, 27.4, 198.8, 172.4, 51.9, 47.8, 72.7, 245.5, 51.1, 96.2,
19,Nuevo León,2005,19_2005,8 943.1,5 946.2,1 113.1, 256.6, 31.1, 225.5, 263.6, 93.9, 110.0, 59.7,1 079.7, 90.8, 193.1,
20,Oaxaca,2005,20_2005,15 692.0,9 932.4,1 619.8,2 571.6, 311.7,2 259.9, 375.5, 213.8, 149.6, 12.1, 952.0, 80.3, 160.4,
21,Puebla,2005,21_2005,13 881.1,8 066.2,1 443.4,2 090.9, 253.4,1 837.5, 477.1, 208.0, 161.2, 107.9,1 465.9, 146.2, 191.4,
22,Querétaro,2005,22_2005,4 861.5,3 020.5, 735.1, 359.0, 43.5, 315.5, 186.9, 64.7, 58.3, 63.9, 410.9, 55.5, 93.6,
23,Quintana Roo,2005,23_2005,3 965.1,2 575.7, 596.6, 188.8, 22.9, 165.9, 156.7, 31.5, 72.0, 53.2, 283.9, 71.3, 92.1,
24,San Luis Potosí,2005,24_2005,8 603.7,5 801.8, 812.3, 933.3, 113.1, 820.2, 193.9, 66.9, 86.6, 40.4, 625.2, 90.0, 147.2,
25,Sinaloa,2005,25_2005,7 329.6,4 793.4, 918.7, 434.2, 52.6, 381.6, 194.0, 85.6, 79.7, 28.7, 689.9, 155.4, 144.0,
26,Sonora,2005,26_2005,7 076.3,4 502.8,1 099.9, 257.5, 31.2, 226.3, 239.0, 74.9, 70.8, 93.3, 613.0, 157.8, 206.3,
27,Tabasco,2005,27_2005,6 747.7,4 139.2, 914.7, 714.6, 86.6, 628.0, 230.1, 97.6, 80.1, 52.4, 532.3, 99.2, 117.6,
28,Tamaulipas,2005,28_2005,9 815.9,6 727.5,1 345.7, 435.3, 52.8, 382.5, 208.1, 81.3, 104.1, 22.7, 781.1, 130.1, 188.1,
29,Tlaxcala,2005,29_2005,3 672.5,2 434.4, 517.4, 221.6, 26.9, 194.7, 114.9, 65.9, 46.0, 3.0, 272.7, 45.6, 65.9,
30,Veracruz de Ignacio de la Llave,2005,30_2005,21 720.5,13 762.3,2 191.0,2 939.9, 356.3,2 583.6, 521.4, 258.5, 197.1, 65.8,1 843.9, 216.1, 245.9,
31,Yucatán,2005,31_2005,5 718.6,3 454.6, 837.4, 562.0, 68.1, 493.9, 206.9, 92.0, 67.0, 47.9, 459.6, 93.7, 104.4,
32,Zacatecas,2005,32_2005,5 669.3,3 871.3, 587.0, 512.7, 62.1, 450.6, 209.3, 68.4, 64.4, 76.5, 356.5, 51.1, 81.4,
00,Nacional,2006,00_2006,333 039.5,195 520.4,40 674.3,28 485.0,3 452.4,25 032.6,9 274.7,4 230.3,3 361.6,1 682.8,29 194.9,3 792.0,5 000.0,
01,Aguascalientes,2006,01_2006,3 704.2,2 448.7, 597.5, 107.4, 13.0, 94.4, 126.0, 49.5, 39.2, 37.3, 288.5, 60.1, 76.0,
02,Baja California,2006,02_2006,8 680.7,6 127.6, 875.4, 209.8, 25.4, 184.4, 283.7, 58.7, 152.6, 72.4, 860.3, 118.0, 205.9,
03,Baja California Sur,2006,03_2006,2 684.4,1 846.1, 434.5, 44.0, 5.3, 38.7, 94.1, 28.4, 40.9, 24.8, 134.7, 38.3, 92.7,
04,Campeche,2006,04_2006,3 989.8,2 588.2, 652.5, 274.3, 33.3, 241.0, 130.7, 37.0, 58.5, 35.2, 206.5, 61.2, 76.4,
05,Coahuila de Zaragoza,2006,05_2006,8 198.1,5 986.0, 800.1, 229.6, 27.8, 201.8, 212.9, 60.8, 106.7, 45.4, 674.1, 152.9, 142.5,
06,Colima,2006,06_2006,2 774.6,1 786.6, 488.3, 69.4, 8.4, 61.0, 140.5, 25.8, 74.5, 40.2, 172.9, 42.2, 74.7,
07,Chiapas,2006,07_2006,17 559.0,10 204.0,1 937.4,3 259.3, 395.0,2 864.3, 554.7, 286.0, 201.6, 67.1,1 201.5, 189.6, 212.5,
08,Chihuahua,2006,08_2006,9 210.1,5 975.1,1 147.8, 588.7, 71.4, 517.3, 260.0, 92.2, 86.9, 80.9, 941.3, 125.7, 171.5,
09,Distrito Federal,2006,09_2006,26 559.4,,2 308.1, 0.0,,, 418.2, 418.2,,,2 419.0,, 315.9,
10,Durango,2006,10_2006,6 590.1,4 342.5, 943.4, 466.0, 56.5, 409.5, 252.6, 105.3, 67.0, 80.3, 402.5, 62.3, 120.8,
11,Guanajuato,2006,11_2006,12 562.3,7 607.8,1 436.8,1 437.2, 174.2,1 263.0, 371.4, 129.7, 152.9, 88.8,1 367.8, 160.4, 180.9,
12,Guerrero,2006,12_2006,15 691.2,9 783.7,2 089.1,2 234.8, 270.9,1 963.9, 395.2, 217.8, 152.3, 25.1, 901.9, 134.1, 152.4,
13,Hidalgo,2006,13_2006,9 952.3,6 588.4,1 273.3, 921.4, 111.7, 809.7, 308.9, 132.0, 97.5, 79.4, 655.6, 80.9, 123.8,
14,Jalisco,2006,14_2006,16 251.6,10 226.2,2 423.3, 910.6, 110.4, 800.2, 416.9, 190.0, 153.5, 73.4,1 850.2, 195.6, 228.8,
15,México,2006,15_2006,32 233.3,19 457.2,4 673.9,2 342.4, 283.9,2 058.5, 664.9, 341.3, 268.3, 55.3,4 187.6, 502.6, 404.7,
16,Michoacán de Ocampo,2006,16_2006,13 886.9,9 160.3,1 424.8,1 483.2, 179.8,1 303.4, 344.5, 171.9, 141.4, 31.2,1 132.0, 156.4, 185.7,
17,Morelos,2006,17_2006,5 404.5,3 543.0, 726.4, 326.7, 39.6, 287.1, 155.9, 66.5, 59.9, 29.5, 472.8, 72.5, 107.2,
18,Nayarit,2006,18_2006,4 375.6,2 963.5, 608.1, 241.7, 29.3, 212.4, 151.1, 56.2, 52.1, 42.8, 259.5, 55.5, 96.2,
19,Nuevo León,2006,19_2006,9 654.6,6 461.0,1 189.9, 274.0, 33.2, 240.8, 282.9, 104.2, 124.6, 54.1,1 155.1, 98.6, 193.1,
20,Oaxaca,2006,20_2006,16 872.8,10 636.2,1 760.3,2 756.0, 334.0,2 422.0, 457.1, 256.9, 160.6, 39.6,1 015.3, 87.5, 160.4,
21,Puebla,2006,21_2006,15 002.9,8 794.8,1 533.8,2 234.5, 270.8,1 963.7, 515.5, 254.2, 168.7, 92.6,1 574.3, 158.6, 191.4,
22,Querétaro,2006,22_2006,5 244.0,3 263.7, 802.2, 383.8, 46.5, 337.3, 196.9, 70.9, 63.9, 62.1, 443.7, 60.1, 93.6,
23,Quintana Roo,2006,23_2006,4 238.7,2 733.3, 635.7, 201.6, 24.4, 177.2, 185.3, 38.2, 84.9, 62.2, 313.9, 76.8, 92.1,
24,San Luis Potosí,2006,24_2006,9 322.7,6 303.1, 873.6, 997.6, 120.9, 876.7, 240.9, 83.6, 96.8, 60.5, 663.7, 96.6, 147.2,
25,Sinaloa,2006,25_2006,7 875.4,5 128.6,1 032.4, 463.4, 56.2, 407.2, 213.2, 93.8, 85.1, 34.3, 732.5, 161.3, 144.0,
26,Sonora,2006,26_2006,7 470.0,4 827.6,1 129.5, 274.7, 33.3, 241.4, 210.4, 82.1, 73.9, 54.4, 653.4, 168.1, 206.3,
27,Tabasco,2006,27_2006,7 293.3,4 471.2, 977.3, 763.4, 92.5, 670.9, 290.4, 107.3, 85.2, 97.9, 569.7, 103.6, 117.7,
28,Tamaulipas,2006,28_2006,10 635.0,7 298.9,1 468.6, 464.6, 56.3, 408.3, 239.0, 96.8, 110.9, 31.3, 837.4, 138.4, 188.1,
29,Tlaxcala,2006,29_2006,3 894.3,2 567.4, 559.9, 236.1, 28.6, 207.5, 123.8, 70.5, 50.9, 2.4, 292.3, 48.9, 65.9,
30,Veracruz de Ignacio de la Llave,2006,30_2006,23 132.5,14 612.3,2 358.4,3 140.9, 380.7,2 760.2, 592.5, 320.1, 204.4, 68.0,1 949.0, 233.6, 245.8,
31,Yucatán,2006,31_2006,6 096.6,3 633.7, 912.9, 599.3, 72.6, 526.7, 258.7, 109.1, 71.8, 77.8, 490.1, 97.5, 104.4,
32,Zacatecas,2006,32_2006,5 998.6,4 153.7, 599.1, 548.6, 66.5, 482.1, 185.9, 75.3, 74.1, 36.5, 375.8, 54.1, 81.4,
00,Nacional,2007,00_2007,378 611.5,210 531.3,44 463.5,31 887.6,3 864.8,28 022.8,10 382.6,4 735.5,3 762.7,1 884.4,32 682.2,3 957.0,5 000.0,17 857.1
01,Aguascalientes,2007,01_2007,4 431.4,2 876.8, 632.7, 121.2, 14.7, 106.5, 154.4, 51.1, 56.8, 46.5, 339.4, 58.8, 76.0, 172.1
02,Baja California,2007,02_2007,10 130.2,6 596.7, 965.2, 234.7, 28.4, 206.3, 307.4, 70.4, 175.9, 61.1, 905.3, 124.2, 205.9, 790.8
03,Baja California Sur,2007,03_2007,3 003.7,1 968.3, 493.1, 49.4, 6.0, 43.4, 82.6, 29.9, 46.5, 6.2, 163.1, 39.5, 92.7, 115.0
04,Campeche,2007,04_2007,4 556.4,2 765.1, 774.2, 307.8, 37.3, 270.5, 122.5, 42.9, 64.5, 15.1, 239.8, 63.7, 76.4, 206.9
05,Coahuila de Zaragoza,2007,05_2007,9 288.0,6 405.0, 860.9, 258.7, 31.4, 227.3, 240.3, 71.6, 99.4, 69.3, 794.1, 162.1, 142.5, 424.4
06,Colima,2007,06_2007,3 091.8,1 923.8, 545.8, 78.2, 9.5, 68.7, 105.3, 27.6, 37.4, 40.3, 180.3, 43.2, 74.7, 140.5
07,Chiapas,2007,07_2007,19 718.5,10 857.6,2 104.1,3 634.8, 440.5,3 194.3, 632.8, 336.7, 253.4, 42.7,1 361.2, 198.1, 212.5, 717.4
08,Chihuahua,2007,08_2007,10 741.4,6 499.3,1 203.4, 656.6, 79.6, 577.0, 298.5, 106.7, 103.0, 88.8,1 027.3, 132.7, 171.5, 752.1
09,Distrito Federal,2007,09_2007,29 111.3, 0.0,2 346.9, 0.0, 0.0, 0.0, 418.9, 418.9, 0.0, 0.0,2 707.9, 0.0, 315.9,1 471.5
10,Durango,2007,10_2007,7 402.7,4 700.0, 989.0, 520.5, 63.1, 457.4, 199.2, 106.9, 73.0, 19.3, 478.2, 64.8, 120.8, 330.2
11,Guanajuato,2007,11_2007,14 372.9,8 245.4,1 546.5,1 607.8, 194.9,1 412.9, 407.2, 157.0, 167.6, 82.6,1 551.1, 166.0, 180.9, 668.0
12,Guerrero,2007,12_2007,17 647.5,10 647.9,2 278.4,2 491.2, 301.9,2 189.3, 481.5, 246.7, 166.9, 67.9, 985.2, 133.9, 152.4, 477.0
13,Hidalgo,2007,13_2007,11 311.9,7 138.9,1 448.1,1 033.4, 125.3, 908.1, 372.1, 133.3, 112.8, 126.0, 743.7, 87.2, 123.8, 364.7
14,Jalisco,2007,14_2007,18 858.5,10 948.3,2 620.5,1 020.6, 123.7, 896.9, 441.7, 220.7, 177.3, 43.7,2 136.0, 207.0, 228.8,1 255.6
15,México,2007,15_2007,35 899.1,20 087.3,4 850.0,2 633.3, 319.2,2 314.1, 807.2, 407.0, 315.4, 84.8,4 436.4, 516.4, 404.7,2 163.8
16,Michoacán de Ocampo,2007,16_2007,15 835.8,9 940.1,1 602.8,1 660.1, 201.2,1 458.9, 425.2, 196.7, 178.7, 49.8,1 251.5, 161.9, 185.7, 608.5
17,Morelos,2007,17_2007,6 105.0,3 845.3, 795.9, 367.7, 44.6, 323.1, 199.5, 76.4, 71.5, 51.6, 510.2, 78.2, 107.2, 201.0
18,Nayarit,2007,18_2007,4 944.6,3 171.7, 666.8, 271.0, 32.9, 238.1, 163.3, 56.9, 57.1, 49.3, 300.3, 62.1, 96.2, 213.2
19,Nuevo León,2007,19_2007,11 382.8,7 019.9,1 278.5, 307.6, 37.3, 270.3, 320.1, 119.4, 130.3, 70.4,1 335.0, 111.4, 193.1, 817.2
20,Oaxaca,2007,20_2007,18 789.3,11 478.7,1 976.0,3 071.2, 372.2,2 699.0, 481.6, 293.5, 172.3, 15.8,1 110.1, 90.8, 160.4, 420.5
21,Puebla,2007,21_2007,17 061.4,9 446.5,1 711.2,2 504.3, 303.5,2 200.8, 544.8, 293.1, 198.0, 53.7,1 709.6, 164.8, 191.4, 788.8
22,Querétaro,2007,22_2007,6 040.8,3 532.1, 869.5, 429.9, 52.1, 377.8, 268.9, 71.8, 79.3, 117.8, 507.7, 62.2, 93.6, 276.9
23,Quintana Roo,2007,23_2007,4 759.5,2 944.2, 697.9, 226.2, 27.4, 198.8, 185.1, 44.6, 98.0, 42.5, 365.6, 81.6, 92.1, 166.8
24,San Luis Potosí,2007,24_2007,10 622.3,6 842.0,1 050.7,1 117.5, 135.4, 982.1, 249.3, 98.7, 102.2, 48.4, 764.5, 99.4, 147.2, 351.7
25,Sinaloa,2007,25_2007,9 116.7,5 497.5,1 184.8, 520.9, 63.1, 457.8, 263.7, 108.0, 94.4, 61.3, 824.0, 164.9, 144.0, 516.9
26,Sonora,2007,26_2007,9 135.8,5 664.8,1 199.2, 309.1, 37.5, 271.6, 254.4, 83.7, 82.7, 88.0, 760.9, 174.8, 206.3, 566.3
27,Tabasco,2007,27_2007,8 533.5,4 754.7,1 303.6, 856.0, 103.8, 752.2, 326.1, 109.4, 93.5, 123.2, 630.0, 111.1, 117.7, 434.3
28,Tamaulipas,2007,28_2007,11 977.9,7 810.8,1 509.7, 522.0, 63.2, 458.8, 308.8, 110.8, 109.6, 88.4, 959.7, 143.6, 188.1, 535.2
29,Tlaxcala,2007,29_2007,4 404.5,2 756.2, 604.0, 266.0, 32.2, 233.8, 159.0, 72.7, 61.2, 25.1, 339.8, 50.9, 65.9, 162.7
30,Veracruz de Ignacio de la Llave,2007,30_2007,26 493.3,15 774.3,2 628.7,3 522.0, 426.9,3 095.1, 704.8, 370.6, 225.6, 108.6,2 254.8, 244.4, 245.8,1 118.5
31,Yucatán,2007,31_2007,6 938.8,3 899.1, 940.5, 674.6, 81.7, 592.9, 271.8, 125.2, 79.0, 67.6, 577.3, 101.1, 104.4, 370.0
32,Zacatecas,2007,32_2007,6 904.2,4 493.0, 784.9, 613.3, 74.3, 539.0, 184.6, 76.6, 79.4, 28.6, 432.2, 56.2, 81.4, 258.6
00,Nacional,2008,00_2008,420 141.4,227 255.7,47 689.9,38 297.1,4 641.6,33 655.5,12 469.5,5 687.4,4 306.6,2 475.5,39 251.5,4 269.2,6 000.0,21 446.4
01,Aguascalientes,2008,01_2008,4 921.7,3 126.9, 687.6, 146.6, 17.8, 128.8, 196.9, 58.8, 60.9, 77.2, 411.1, 62.3, 93.5, 196.8
02,Baja California,2008,02_2008,10 998.7,6 991.9,1 018.8, 281.7, 34.1, 247.6, 361.3, 88.0, 209.5, 63.8,1 114.2, 134.9, 244.1, 851.8
03,Baja California Sur,2008,03_2008,3 222.8,2 096.0, 482.4, 59.4, 7.2, 52.2, 95.2, 31.9, 54.3, 9.0, 200.0, 42.6, 120.6, 126.6
04,Campeche,2008,04_2008,4 902.8,2 934.9, 774.8, 370.6, 44.9, 325.7, 146.4, 47.2, 81.0, 18.2, 288.8, 74.7, 93.4, 219.2
05,Coahuila de Zaragoza,2008,05_2008,10 086.6,6 852.6, 928.2, 312.6, 37.9, 274.7, 219.5, 85.7, 83.1, 50.7, 955.9, 174.5, 169.5, 473.8
06,Colima,2008,06_2008,3 438.6,2 064.3, 616.2, 94.5, 11.5, 83.0, 151.1, 32.9, 49.6, 68.6, 217.5, 47.2, 91.2, 156.6
07,Chiapas,2008,07_2008,21 996.3,11 472.8,2 282.6,4 349.1, 527.1,3 822.0, 782.3, 433.1, 281.4, 67.8,1 638.4, 215.6, 249.3,1 006.2
08,Chihuahua,2008,08_2008,11 879.8,6 972.7,1 286.1, 786.0, 95.3, 690.7, 432.1, 130.3, 108.7, 193.1,1 235.3, 144.0, 207.0, 816.6
09,Distrito Federal,2008,09_2008,31 653.0,,2 549.7, 0.0,,, 448.8, 448.8,,,3 252.2, 0.0, 376.0,1 564.2
10,Durango,2008,10_2008,8 233.7,5 093.3,1 068.4, 623.8, 75.6, 548.2, 289.9, 117.5, 90.7, 81.7, 570.7, 70.0, 141.7, 375.9
11,Guanajuato,2008,11_2008,16 316.1,9 056.2,1 689.9,1 929.7, 233.9,1 695.8, 539.7, 205.9, 190.6, 143.2,1 853.7, 183.5, 217.6, 845.8
12,Guerrero,2008,12_2008,19 504.1,11 338.2,2 520.0,2 979.7, 361.1,2 618.6, 545.0, 285.4, 213.7, 45.9,1 167.9, 144.2, 178.5, 630.6
13,Hidalgo,2008,13_2008,12 559.1,7 729.9,1 543.3,1 243.2, 150.7,1 092.5, 432.3, 162.8, 128.1, 141.4, 889.2, 92.7, 151.0, 477.5
14,Jalisco,2008,14_2008,20 916.1,11 854.2,2 747.2,1 227.6, 148.8,1 078.8, 583.2, 264.1, 199.0, 120.1,2 562.7, 224.4, 269.6,1 447.2
15,México,2008,15_2008,40 721.2,22 324.6,5 099.3,3 175.6, 384.9,2 790.7,1 019.2, 530.4, 383.4, 105.4,5 362.8, 550.5, 477.2,2 712.0
16,Michoacán de Ocampo,2008,16_2008,17 475.4,10 689.2,1 693.9,1 993.7, 241.6,1 752.1, 428.3, 226.0, 175.7, 26.6,1 479.5, 176.7, 216.3, 797.8
17,Morelos,2008,17_2008,6 739.7,4 146.8, 837.9, 444.0, 53.8, 390.2, 237.0, 93.0, 86.5, 57.5, 612.0, 82.9, 128.1, 251.0
18,Nayarit,2008,18_2008,5 426.8,3 420.1, 719.8, 325.9, 39.5, 286.4, 168.4, 67.0, 68.9, 32.5, 357.7, 61.6, 115.5, 257.8
19,Nuevo León,2008,19_2008,12 806.4,7 783.4,1 396.7, 370.6, 44.9, 325.7, 415.5, 148.9, 153.5, 113.1,1 611.0, 118.6, 230.0, 880.6
20,Oaxaca,2008,20_2008,20 798.1,12 193.2,2 122.2,3 672.5, 445.1,3 227.4, 570.8, 338.9, 198.5, 33.4,1 317.6, 96.1, 189.4, 636.3
21,Puebla,2008,21_2008,19 459.7,10 342.3,1 893.9,3 010.7, 364.9,2 645.8, 743.8, 339.3, 217.1, 187.4,2 056.7, 178.1, 227.8,1 006.4
22,Querétaro,2008,22_2008,6 636.1,3 803.4, 946.8, 516.5, 62.6, 453.9, 254.5, 90.7, 80.6, 83.2, 616.8, 67.2, 114.5, 316.4
23,Quintana Roo,2008,23_2008,5 192.3,3 111.0, 751.8, 272.2, 33.0, 239.2, 203.7, 52.1, 115.5, 36.1, 454.9, 88.6, 122.2, 187.9
24,San Luis Potosí,2008,24_2008,11 762.3,7 368.4,1 093.4,1 342.8, 162.7,1 180.1, 329.2, 119.1, 127.0, 83.1, 913.4, 105.0, 172.8, 437.3
25,Sinaloa,2008,25_2008,10 192.8,5 969.8,1 366.6, 628.2, 76.1, 552.1, 292.0, 133.3, 99.9, 58.8, 980.5, 177.2, 170.7, 607.8
26,Sonora,2008,26_2008,10 016.0,6 086.7,1 295.0, 373.0, 45.2, 327.8, 289.2, 112.5, 97.1, 79.6, 914.8, 190.5, 243.4, 623.4
27,Tabasco,2008,27_2008,9 293.7,5 117.8,1 234.5,1 029.5, 124.8, 904.7, 379.2, 137.3, 102.8, 139.1, 753.0, 121.4, 139.4, 518.9
28,Tamaulipas,2008,28_2008,13 112.2,8 381.1,1 624.5, 629.3, 76.3, 553.0, 332.9, 133.9, 123.7, 75.3,1 157.4, 156.7, 222.2, 608.1
29,Tlaxcala,2008,29_2008,4 962.6,2 962.6, 693.4, 321.5, 38.9, 282.6, 193.4, 84.1, 66.0, 43.3, 410.3, 53.7, 111.5, 216.2
30,Veracruz de Ignacio de la Llave,2008,30_2008,29 486.2,16 965.5,2 818.2,4 236.5, 513.5,3 723.0, 781.5, 439.0, 256.6, 85.9,2 686.6, 266.3, 288.5,1 443.1
31,Yucatán,2008,31_2008,7 759.2,4 198.4,1 045.3, 814.5, 98.7, 715.8, 335.0, 151.8, 105.5, 77.7, 696.2, 107.8, 129.8, 432.2
32,Zacatecas,2008,32_2008,7 671.3,4 807.5, 861.5, 735.6, 89.2, 646.4, 272.2, 97.7, 97.7, 76.8, 512.7, 59.7, 97.7, 324.4
00,Nacional,2009,00_2009,439 447.0,235 261.5,49 741.8,39 880.7,4 833.5,35 047.2,12 985.1,5 922.6,4 484.7,2 577.8,40 874.5,4 473.0,6 916.8,22 333.2
01,Aguascalientes,2009,01_2009,5 030.5,3 081.5, 812.4, 154.4, 18.7, 135.7, 173.2, 59.0, 64.1, 50.1, 431.1, 67.6, 107.7, 202.6
02,Baja California,2009,02_2009,11 416.5,7 114.1,1 060.6, 293.3, 35.5, 257.8, 473.7, 94.1, 292.3, 87.3,1 182.7, 141.1, 281.4, 869.6
03,Baja California Sur,2009,03_2009,3 437.6,2 206.0, 520.5, 62.0, 7.5, 54.5, 124.3, 33.0, 81.5, 9.8, 211.7, 44.3, 139.0, 129.8
04,Campeche,2009,04_2009,4 988.0,2 909.8, 827.8, 387.2, 46.9, 340.3, 154.1, 48.4, 70.8, 34.9, 301.6, 77.3, 107.7, 222.5
05,Coahuila de Zaragoza,2009,05_2009,10 229.0,6 830.6, 946.2, 328.7, 39.8, 288.9, 259.1, 89.9, 76.8, 92.4, 997.0, 184.0, 195.4, 488.0
06,Colima,2009,06_2009,3 591.9,2 117.4, 700.9, 99.4, 12.0, 87.4, 130.4, 33.0, 36.4, 61.0, 227.4, 50.6, 105.2, 160.6
07,Chiapas,2009,07_2009,23 354.7,12 387.6,2 342.0,4 503.0, 545.8,3 957.2, 803.0, 457.8, 281.0, 64.2,1 709.2, 226.0, 287.4,1 096.5
08,Chihuahua,2009,08_2009,12 268.6,7 272.4,1 320.9, 814.4, 98.7, 715.7, 360.0, 136.7, 112.7, 110.6,1 287.4, 145.9, 238.6, 829.0
09,Distrito Federal,2009,09_2009,35 474.1,,2 634.2, 0.0,,, 453.4, 453.4,,,3 386.7,, 433.5,1 585.9
10,Durango,2009,10_2009,8 574.6,5 295.2,1 099.6, 647.6, 78.5, 569.1, 315.3, 119.3, 99.7, 96.3, 591.4, 74.4, 163.4, 387.7
11,Guanajuato,2009,11_2009,17 557.4,9 919.8,1 750.3,2 007.8, 243.3,1 764.5, 618.2, 217.3, 202.8, 198.1,1 922.6, 191.9, 250.9, 895.9
12,Guerrero,2009,12_2009,19 972.5,11 568.6,2 543.7,3 084.0, 373.8,2 710.2, 541.5, 296.9, 211.0, 33.6,1 203.6, 152.4, 205.8, 672.9
13,Hidalgo,2009,13_2009,12 660.8,7 622.7,1 646.9,1 297.7, 157.3,1 140.4, 395.0, 165.7, 121.0, 108.3, 922.6, 96.5, 174.0, 505.4
14,Jalisco,2009,14_2009,21 884.7,12 435.8,2 860.7,1 281.5, 155.3,1 126.2, 593.8, 279.6, 211.7, 102.5,2 666.6, 237.6, 310.7,1 498.0
15,México,2009,15_2009,42 448.3,22 856.7,5 555.4,3 327.9, 403.3,2 924.6,1 125.1, 561.9, 371.3, 191.9,5 611.9, 577.9, 550.1,2 843.3
16,Michoacán de Ocampo,2009,16_2009,18 196.8,11 068.3,1 766.5,2 076.0, 251.6,1 824.4, 484.9, 238.6, 210.8, 35.5,1 521.6, 186.1, 249.3, 844.1
17,Morelos,2009,17_2009,7 104.3,4 414.9, 854.9, 466.1, 56.5, 409.6, 231.5, 95.1, 71.2, 65.2, 636.6, 87.5, 147.7, 265.1
18,Nayarit,2009,18_2009,5 666.6,3 546.5, 771.6, 340.1, 41.2, 298.9, 174.7, 67.7, 68.5, 38.5, 370.2, 64.6, 133.3, 265.6
19,Nuevo León,2009,19_2009,13 355.1,8 164.4,1 419.0, 388.0, 47.1, 340.9, 413.7, 151.2, 134.8, 127.7,1 683.9, 124.7, 265.1, 896.3
20,Oaxaca,2009,20_2009,21 380.4,12 517.0,2 059.7,3 798.6, 460.4,3 338.2, 642.8, 357.8, 222.5, 62.5,1 359.4, 101.8, 218.4, 682.7
21,Puebla,2009,21_2009,20 493.6,11 058.6,1 924.5,3 139.6, 380.5,2 759.1, 724.6, 359.4, 229.9, 135.3,2 144.2, 187.1, 262.6,1 052.4
22,Querétaro,2009,22_2009,6 759.6,3 838.7, 975.3, 538.3, 65.3, 473.0, 231.0, 91.1, 81.2, 58.7, 648.3, 71.3, 132.0, 324.7
23,Quintana Roo,2009,23_2009,5 554.0,3 214.1, 851.6, 284.3, 34.5, 249.8, 284.1, 55.7, 171.9, 56.5, 487.2, 95.3, 140.8, 196.6
24,San Luis Potosí,2009,24_2009,11 850.4,7 352.9,1 090.2,1 399.3, 169.6,1 229.7, 300.9, 125.8, 121.0, 54.1, 947.2, 108.2, 199.2, 452.5
25,Sinaloa,2009,25_2009,10 821.3,6 378.4,1 404.4, 658.6, 79.8, 578.8, 350.9, 135.7, 121.0, 94.2,1 013.7, 185.1, 196.8, 633.4
26,Sonora,2009,26_2009,10 071.6,6 007.7,1 339.7, 391.3, 47.4, 343.9, 265.0, 113.6, 78.2, 73.2, 953.1, 200.6, 280.6, 633.6
27,Tabasco,2009,27_2009,9 777.7,5 439.7,1 300.2,1 074.2, 130.2, 944.0, 358.7, 139.1, 106.2, 113.4, 781.2, 126.4, 160.7, 536.6
28,Tamaulipas,2009,28_2009,13 268.4,8 223.4,1 706.7, 659.1, 79.9, 579.2, 419.9, 137.7, 121.7, 160.5,1 209.2, 163.5, 256.2, 630.4
29,Tlaxcala,2009,29_2009,5 155.0,3 093.4, 684.3, 338.0, 41.0, 297.0, 189.6, 84.8, 64.9, 39.9, 429.3, 56.2, 128.5, 235.7
30,Veracruz de Ignacio de la Llave,2009,30_2009,30 963.3,17 875.3,2 946.5,4 421.0, 535.8,3 885.2, 827.4, 465.4, 271.7, 90.3,2 779.7, 273.0, 332.6,1 507.8
31,Yucatán,2009,31_2009,8 091.6,4 438.8,1 047.7, 854.8, 103.6, 751.2, 313.1, 158.3, 92.3, 62.5, 727.6, 111.4, 149.6, 448.6
32,Zacatecas,2009,32_2009,8 048.1,5 011.2, 976.9, 764.5, 92.7, 671.8, 252.2, 99.6, 83.8, 68.8, 528.6, 62.7, 112.6, 339.4
00,Nacional,2010,00_2010,463 152.0,234 357.7,53 100.1,41 386.5,5 016.0,36 370.5,13 475.4,6 146.2,4 690.7,2 638.5,42 417.9,4 477.1,6 916.8,23 176.5
01,Aguascalientes,2010,01_2010,5 336.2,3 262.9, 870.2, 162.8, 19.7, 143.1, 194.2, 60.2, 61.3, 72.7, 450.4, 72.0, 107.7, 216.0
02,Baja California,2010,02_2010,11 911.5,7 418.4,1 146.5, 304.6, 36.9, 267.7, 451.6, 98.3, 291.4, 61.9,1 250.7, 147.7, 281.4, 910.6
03,Baja California Sur,2010,03_2010,3 612.8,2 303.6, 557.4, 64.6, 7.8, 56.8, 142.6, 33.0, 80.9, 28.7, 223.3, 47.3, 139.0, 135.0
04,Campeche,2010,04_2010,5 206.7,3 037.3, 891.8, 403.5, 48.9, 354.6, 162.5, 51.2, 78.2, 33.1, 313.8, 79.1, 107.7, 211.0
05,Coahuila de Zaragoza,2010,05_2010,10 665.1,7 165.4,1 002.9, 345.9, 41.9, 304.0, 229.3, 92.8, 85.0, 51.5,1 036.3, 191.2, 195.4, 498.7
06,Colima,2010,06_2010,3 766.7,2 214.9, 750.0, 104.6, 12.7, 91.9, 133.4, 33.4, 42.7, 57.3, 237.0, 56.4, 105.1, 165.3
07,Chiapas,2010,07_2010,24 425.8,12 987.6,2 475.7,4 635.3, 561.8,4 073.5, 882.3, 482.1, 295.7, 104.5,1 776.8, 234.7, 287.5,1 145.9
08,Chihuahua,2010,08_2010,13 020.7,7 709.5,1 393.2, 840.0, 101.8, 738.2, 471.2, 143.5, 121.0, 206.7,1 336.8, 150.1, 238.6, 881.3
09,Distrito Federal,2010,09_2010,36 088.0, 0.0,2 829.8, 0.0, 0.0, 0.0, 457.4, 457.4, 0.0, 0.0,3 514.6, 0.0, 433.5,1 637.3
10,Durango,2010,10_2010,9 007.8,5 569.6,1 179.0, 669.4, 81.1, 588.3, 336.1, 119.5, 98.9, 117.7, 610.7, 75.7, 163.4, 403.9
11,Guanajuato,2010,11_2010,18 607.4,10 736.4,1 855.1,2 081.6, 252.3,1 829.3, 576.0, 230.1, 216.2, 129.7,1 987.2, 202.7, 250.9, 917.5
12,Guerrero,2010,12_2010,20 921.7,12 169.6,2 679.0,3 173.6, 384.6,2 789.0, 584.0, 308.1, 223.2, 52.7,1 236.1, 157.8, 205.8, 715.8
13,Hidalgo,2010,13_2010,13 364.8,8 099.1,1 777.3,1 350.5, 163.7,1 186.8, 405.7, 169.7, 130.8, 105.2, 954.0, 101.1, 174.0, 503.1
14,Jalisco,2010,14_2010,23 152.3,13 321.0,3 012.8,1 335.2, 161.8,1 173.4, 616.0, 294.5, 225.9, 95.6,2 765.1, 250.7, 310.8,1 540.7
15,México,2010,15_2010,45 529.9,24 817.2,6 021.2,3 484.9, 422.4,3 062.5,1 136.2, 591.3, 392.2, 152.7,5 851.1, 613.9, 550.1,3 055.3
16,Michoacán de Ocampo,2010,16_2010,19 048.8,11 675.6,1 874.8,2 154.3, 261.1,1 893.2, 490.7, 250.3, 209.6, 30.8,1 559.9, 192.7, 249.3, 851.5
17,Morelos,2010,17_2010,7 473.7,4 649.2, 907.7, 489.0, 59.3, 429.7, 233.0, 96.2, 77.7, 59.1, 660.0, 93.6, 147.7, 293.5
18,Nayarit,2010,18_2010,5 984.8,3 720.3, 835.3, 354.1, 42.9, 311.2, 214.7, 68.1, 76.4, 70.2, 381.8, 74.6, 133.3, 270.7
19,Nuevo León,2010,19_2010,14 117.6,8 730.2,1 511.9, 405.9, 49.2, 356.7, 406.3, 155.0, 135.1, 116.2,1 753.9, 134.6, 265.0, 909.8
20,Oaxaca,2010,20_2010,22 409.7,13 215.6,2 187.1,3 905.8, 473.4,3 432.4, 659.9, 372.9, 222.2, 64.8,1 397.8, 105.3, 218.4, 719.8
21,Puebla,2010,21_2010,21 782.3,11 906.1,2 041.4,3 263.8, 395.6,2 868.2, 749.7, 378.7, 243.9, 127.1,2 227.6, 195.4, 262.6,1 135.7
22,Querétaro,2010,22_2010,7 094.2,4 039.0,1 033.5, 559.3, 67.8, 491.5, 238.2, 92.3, 89.4, 56.5, 678.9, 76.9, 132.0, 336.4
23,Quintana Roo,2010,23_2010,5 803.4,3 344.9, 902.3, 296.2, 35.9, 260.3, 289.7, 59.2, 171.8, 58.7, 519.7, 102.2, 140.8, 207.6
24,San Luis Potosí,2010,24_2010,12 468.2,7 738.3,1 153.3,1 452.9, 176.1,1 276.8, 355.4, 133.9, 130.1, 91.4, 978.8, 115.7, 199.2, 474.6
25,Sinaloa,2010,25_2010,11 310.4,6 712.0,1 488.8, 689.9, 83.6, 606.3, 340.6, 139.1, 120.2, 81.3,1 044.5, 193.0, 196.8, 644.8
26,Sonora,2010,26_2010,10 615.3,6 302.8,1 417.7, 410.4, 49.8, 360.6, 346.6, 114.0, 86.3, 146.3, 989.5, 212.0, 280.6, 655.7
27,Tabasco,2010,27_2010,10 175.8,5 677.1,1 436.7,1 117.2, 135.4, 981.8, 357.6, 140.8, 114.2, 102.6, 807.8, 133.5, 160.7, 485.2
28,Tamaulipas,2010,28_2010,13 800.5,8 604.5,1 800.1, 689.3, 83.5, 605.8, 373.1, 141.4, 120.4, 111.3,1 258.9, 173.5, 256.2, 644.9
29,Tlaxcala,2010,29_2010,5 438.9,3 268.3, 725.8, 355.1, 43.0, 312.1, 203.3, 85.5, 72.2, 45.6, 447.5, 59.5, 128.5, 250.9
30,Veracruz de Ignacio de la Llave,2010,30_2010,32 412.8,18 739.6,3 154.4,4 599.7, 557.5,4 042.2, 899.1, 491.1, 285.4, 122.6,2 866.4, 282.5, 332.6,1 538.5
31,Yucatán,2010,31_2010,8 464.7,4 672.2,1 108.3, 896.0, 108.6, 787.4, 296.6, 162.5, 101.0, 33.1, 757.9, 115.8, 149.6, 468.3
32,Zacatecas,2010,32_2010,8 458.2,5 276.8,1 075.8, 791.1, 95.9, 695.2, 242.4, 100.1, 91.4, 50.9, 543.1, 65.2, 112.6, 351.2
00,Nacional,2011,00_2011,499 695.1,262 719.2,59 627.8,46 460.3,5 631.0,40 829.3,15 127.5,6 899.7,5 265.8,2 962.0,47 618.0,5 028.6,7 124.3,26 017.7
01,Aguascalientes,2011,01_2011,5 682.9,3 367.3,1 011.3, 180.7, 21.9, 158.8, 193.7, 62.6, 68.7, 62.4, 500.2, 76.7, 111.6, 241.4
02,Baja California,2011,02_2011,12 773.9,7 874.3,1 329.6, 341.8, 41.4, 300.4, 472.3, 112.6, 307.9, 51.8,1 331.6, 157.7, 290.1, 976.5
03,Baja California Sur,2011,03_2011,3 830.6,2 392.9, 636.7, 72.4, 8.8, 63.6, 120.4, 33.9, 77.1, 9.4, 268.9, 50.5, 140.9, 147.9
04,Campeche,2011,04_2011,5 586.8,3 162.1, 997.9, 451.6, 54.7, 396.9, 221.8, 58.2, 93.0, 70.6, 347.0, 83.7, 110.7, 212.0
05,Coahuila de Zaragoza,2011,05_2011,11 477.1,7 508.1,1 169.9, 384.5, 46.6, 337.9, 303.7, 104.2, 104.5, 95.0,1 160.3, 202.5, 202.3, 545.8
06,Colima,2011,06_2011,4 024.1,2 290.4, 862.1, 116.3, 14.1, 102.2, 129.8, 35.2, 56.0, 38.6, 274.5, 61.6, 108.9, 180.5
07,Chiapas,2011,07_2011,26 619.6,13 700.2,2 805.1,5 233.2, 634.3,4 598.9, 964.1, 563.0, 335.9, 65.2,2 023.6, 250.7, 294.6,1 348.1
08,Chihuahua,2011,08_2011,14 058.0,8 165.5,1 560.8, 947.0, 114.8, 832.2, 590.2, 162.0, 149.6, 278.6,1 435.8, 162.2, 249.5, 947.0
09,Distrito Federal,2011,09_2011,39 634.4,,3 082.9, 0.0,,, 470.2, 470.2,,,3 945.4,, 445.6,1 718.6
10,Durango,2011,10_2011,9 625.2,5 808.5,1 340.2, 753.5, 91.3, 662.2, 341.3, 122.7, 103.2, 115.4, 689.3, 80.8, 168.7, 442.9
11,Guanajuato,2011,11_2011,20 513.4,11 656.0,2 024.2,2 338.3, 283.4,2 054.9, 635.7, 267.6, 231.6, 136.5,2 316.0, 217.8, 260.3,1 065.1
12,Guerrero,2011,12_2011,22 415.1,12 639.7,2 852.2,3 583.6, 434.3,3 149.3, 649.8, 346.7, 240.5, 62.6,1 429.7, 167.5, 215.1, 877.5
13,Hidalgo,2011,13_2011,14 286.2,8 302.1,2 013.6,1 513.1, 183.4,1 329.7, 470.6, 188.4, 145.3, 136.9,1 125.1, 107.8, 178.4, 575.5
14,Jalisco,2011,14_2011,25 306.9,14 432.2,3 280.7,1 494.7, 181.2,1 313.5, 711.0, 337.8, 260.0, 113.2,3 103.0, 267.3, 319.1,1 698.9
15,México,2011,15_2011,50 253.9,27 175.9,6 728.4,3 887.4, 471.1,3 416.3,1 323.0, 688.9, 453.8, 180.3,6 406.0, 655.8, 568.1,3 509.3
16,Michoacán de Ocampo,2011,16_2011,20 561.5,12 127.5,2 161.4,2 418.5, 293.1,2 125.4, 565.1, 282.9, 217.9, 64.3,1 835.7, 206.0, 258.8, 988.5
17,Morelos,2011,17_2011,8 003.7,4 799.9,1 052.0, 544.7, 66.0, 478.7, 247.7, 107.1, 97.2, 43.4, 750.1, 99.9, 153.6, 355.8
18,Nayarit,2011,18_2011,6 406.5,3 850.0, 982.9, 396.6, 48.1, 348.5, 194.8, 70.4, 89.8, 34.6, 458.0, 79.6, 136.3, 308.3
19,Nuevo León,2011,19_2011,15 233.7,9 316.7,1 653.1, 453.0, 54.9, 398.1, 474.3, 171.2, 140.9, 162.2,1 960.3, 142.8, 272.6, 960.9
20,Oaxaca,2011,20_2011,24 045.8,13 700.8,2 398.8,4 413.0, 534.9,3 878.1, 711.1, 421.7, 236.0, 53.4,1 605.0, 111.8, 225.8, 879.5
21,Puebla,2011,21_2011,23 807.9,12 875.4,2 226.8,3 659.6, 443.5,3 216.1, 821.1, 435.5, 265.3, 120.3,2 439.7, 208.2, 270.0,1 307.1
22,Querétaro,2011,22_2011,7 710.2,4 234.4,1 151.2, 627.4, 76.1, 551.3, 338.9, 99.0, 105.1, 134.8, 771.7, 82.4, 136.3, 367.9
23,Quintana Roo,2011,23_2011,6 274.6,3 479.7,1 023.8, 331.6, 40.2, 291.4, 396.2, 67.3, 234.7, 94.2, 559.1, 109.2, 145.2, 229.8
24,San Luis Potosí,2011,24_2011,13 249.8,7 996.3,1 305.4,1 630.5, 197.6,1 432.9, 363.6, 155.7, 143.5, 64.4,1 091.6, 122.9, 203.2, 536.3
25,Sinaloa,2011,25_2011,12 212.6,7 070.7,1 676.5, 769.5, 93.3, 676.2, 405.5, 153.9, 126.8, 124.8,1 168.4, 208.2, 203.8, 710.0
26,Sonora,2011,26_2011,11 336.0,6 659.0,1 568.4, 457.3, 55.4, 401.9, 303.9, 124.2, 107.8, 71.9,1 123.9, 226.2, 285.6, 711.7
27,Tabasco,2011,27_2011,11 110.8,6 002.6,1 685.4,1 252.3, 151.8,1 100.5, 417.7, 152.5, 132.0, 133.2, 945.2, 142.5, 165.0, 500.1
28,Tamaulipas,2011,28_2011,14 693.5,8 927.4,2 002.8, 769.6, 93.3, 676.3, 466.8, 157.2, 130.5, 179.1,1 380.6, 188.1, 262.7, 695.5
29,Tlaxcala,2011,29_2011,5 893.9,3 419.2, 903.3, 395.2, 47.9, 347.3, 189.5, 87.7, 85.7, 16.1, 493.9, 63.5, 131.9, 297.4
30,Veracruz de Ignacio de la Llave,2011,30_2011,34 863.3,19 411.4,3 674.8,5 154.7, 624.7,4 530.0, 991.6, 570.3, 305.4, 115.9,3 224.6, 300.9, 341.9,1 763.4
31,Yucatán,2011,31_2011,9 133.3,4 911.8,1 222.8, 999.0, 121.1, 877.9, 381.1, 183.2, 116.1, 81.8, 824.5, 124.4, 152.5, 517.2
32,Zacatecas,2011,32_2011,9 069.9,5 461.2,1 242.8, 889.7, 107.8, 781.9, 261.0, 105.9, 104.0, 51.1, 629.3, 69.4, 115.2, 401.3
00,Nacional,2012,00_2012,534 299.8,277 270.4,66 292.5,49 499.2,5 999.3,43 499.9,16 116.9,7 351.0,5 610.2,3 155.7,50 732.8,5 511.0,7 373.7,27 719.6
01,Aguascalientes,2012,01_2012,6 039.2,3 517.4,1 155.3, 179.5, 21.8, 157.7, 199.0, 65.2, 66.6, 67.2, 537.3, 82.3, 115.7, 252.7
02,Baja California,2012,02_2012,13 668.9,8 441.0,1 550.1, 219.3, 26.6, 192.7, 529.9, 124.6, 329.4, 75.9,1 432.2, 176.9, 296.9,1 022.6
03,Baja California Sur,2012,03_2012,4 090.0,2 479.3, 743.0, 67.3, 8.2, 59.1, 149.7, 34.8, 76.0, 38.9, 294.8, 52.4, 145.1, 158.4
04,Campeche,2012,04_2012,5 905.4,3 281.5,1 123.4, 510.6, 61.9, 448.7, 207.7, 60.9, 94.9, 51.9, 370.7, 81.1, 115.3, 215.1
05,Coahuila de Zaragoza,2012,05_2012,12 123.8,7 853.4,1 292.3, 367.0, 44.5, 322.5, 371.1, 113.9, 104.5, 152.7,1 239.3, 215.1, 208.5, 577.1
06,Colima,2012,06_2012,4 252.5,2 371.2,1 005.7, 77.7, 9.4, 68.3, 140.8, 37.9, 53.7, 49.2, 293.4, 61.8, 113.6, 188.3
07,Chiapas,2012,07_2012,31 987.4,14 552.9,3 085.8,9 027.9,1 094.2,7 933.7,1 071.2, 626.0, 373.3, 71.9,2 168.5, 271.2, 303.1,1 506.8
08,Chihuahua,2012,08_2012,14 873.9,8 677.1,1 718.7, 967.9, 117.3, 850.6, 552.5, 168.5, 153.8, 230.2,1 523.9, 178.9, 259.1, 995.8
09,Distrito Federal,2012,09_2012,44 095.4, 0.0,3 349.9,,,, 544.8, 474.8, 0.0, 70.0,4 203.5, 0.0, 462.1,1 751.4
10,Durango,2012,10_2012,10 106.6,6 073.4,1 502.4, 722.2, 87.5, 634.7, 356.0, 124.1, 107.9, 124.0, 731.4, 84.7, 173.8, 462.7
11,Guanajuato,2012,11_2012,21 532.6,12 661.9,2 240.9,1 861.6, 225.6,1 636.0, 630.3, 296.5, 250.1, 83.7,2 469.3, 252.1, 268.4,1 148.1
12,Guerrero,2012,12_2012,24 038.3,12 970.6,3 078.5,4 398.3, 533.1,3 865.2, 714.1, 369.5, 266.4, 78.2,1 513.6, 182.4, 223.7, 957.1
13,Hidalgo,2012,13_2012,14 976.3,8 545.8,2 215.2,1 560.0, 189.1,1 370.9, 505.7, 199.2, 154.0, 152.5,1 201.2, 112.7, 184.2, 651.5
14,Jalisco,2012,14_2012,26 836.9,15 627.0,3 536.5,1 168.9, 141.6,1 027.3, 783.8, 357.2, 281.1, 145.5,3 303.9, 293.5, 330.4,1 792.9
15,México,2012,15_2012,53 515.6,29 726.5,7 385.1,3 170.8, 384.3,2 786.5,1 383.0, 765.4, 493.5, 124.1,6 818.4, 743.1, 588.1,3 700.6
16,Michoacán de Ocampo,2012,16_2012,21 057.3,12 495.8,2 369.2,1 972.2, 239.0,1 733.2, 662.2, 300.3, 235.7, 126.2,1 941.6, 251.7, 267.1,1 097.5
17,Morelos,2012,17_2012,8 298.4,4 946.6,1 197.1, 433.0, 52.5, 380.5, 284.7, 113.4, 98.2, 73.1, 797.2, 103.1, 158.0, 378.7
18,Nayarit,2012,18_2012,6 836.1,3 980.4,1 137.8, 438.8, 53.2, 385.6, 224.8, 71.1, 91.7, 62.0, 488.4, 86.7, 141.8, 337.4
19,Nuevo León,2012,19_2012,16 602.0,10 077.3,1 943.2, 572.7, 69.4, 503.3, 461.3, 181.3, 145.3, 134.7,2 101.8, 163.7, 283.2, 998.8
20,Oaxaca,2012,20_2012,25 581.7,14 060.5,2 667.8,5 043.7, 611.3,4 432.4, 760.4, 447.8, 259.7, 52.9,1 699.1, 116.1, 234.4, 999.7
21,Puebla,2012,21_2012,25 800.6,13 852.4,2 534.8,4 035.1, 489.0,3 546.1, 882.3, 472.7, 290.7, 118.9,2 591.6, 218.7, 281.6,1 404.1
22,Querétaro,2012,22_2012,8 021.9,4 462.7,1 310.8, 468.5, 56.8, 411.7, 311.0, 103.6, 106.6, 100.8, 832.3, 105.1, 140.5, 391.0
23,Quintana Roo,2012,23_2012,6 783.4,3 625.6,1 131.9, 500.1, 60.6, 439.5, 395.4, 74.8, 250.2, 70.4, 614.1, 116.9, 152.5, 246.9
24,San Luis Potosí,2012,24_2012,13 787.2,8 244.6,1 446.5,1 632.1, 197.8,1 434.3, 400.4, 165.0, 153.4, 82.0,1 157.7, 127.6, 208.3, 570.0
25,Sinaloa,2012,25_2012,12 915.4,7 478.4,1 901.2, 613.2, 74.3, 538.9, 496.8, 158.8, 132.9, 205.1,1 235.0, 238.1, 210.7, 742.0
26,Sonora,2012,26_2012,11 945.4,7 033.6,1 701.1, 373.9, 45.3, 328.6, 365.9, 129.1, 110.5, 126.3,1 201.1, 238.5, 291.4, 739.9
27,Tabasco,2012,27_2012,11 373.2,6 308.2,1 858.8, 940.4, 114.0, 826.4, 416.5, 164.1, 140.3, 112.1,1 008.2, 151.0, 170.8, 519.3
28,Tamaulipas,2012,28_2012,15 199.8,9 296.5,2 165.1, 626.0, 75.9, 550.1, 419.6, 164.4, 133.3, 121.9,1 472.6, 197.6, 270.9, 751.5
29,Tlaxcala,2012,29_2012,6 348.6,3 587.1,1 034.0, 438.1, 53.1, 385.0, 236.0, 89.0, 86.0, 61.0, 528.5, 66.7, 136.8, 321.4
30,Veracruz de Ignacio de la Llave,2012,30_2012,36 479.3,20 145.3,4 112.7,5 214.4, 632.0,4 582.4,1 020.3, 599.0, 341.9, 79.4,3 415.9, 325.2, 356.8,1 888.7
31,Yucatán,2012,31_2012,9 857.2,5 232.5,1 342.1,1 186.1, 143.7,1 042.4, 377.6, 191.0, 120.7, 65.9, 880.4, 137.3, 159.9, 541.3
32,Zacatecas,2012,32_2012,9 369.5,5 663.9,1 455.6, 711.9, 86.3, 625.6, 262.1, 107.1, 107.9, 47.1, 665.9, 78.8, 121.0, 410.3
00,Nacional,2013,00_2013,561 603.6,290 857.3,68 604.8,53 090.8,6 434.6,46 656.2,17 286.4,7 909.4,6 004.8,3 372.2,54 413.8,5 542.1,7 631.8,29 730.9
01,Aguascalientes,2013,01_2013,6 393.4,3 671.7,1 192.8, 198.0, 24.0, 174.0, 274.5, 67.6, 71.9, 135.0, 580.3, 84.5, 119.3, 272.3
02,Baja California,2013,02_2013,14 229.8,8 972.2,1 601.4, 243.0, 29.4, 213.6, 312.4, 136.3, 124.6, 51.5,1 548.7, 168.1, 306.2,1 077.8
03,Baja California Sur,2013,03_2013,4 353.5,2 626.2, 766.2, 73.3, 8.9, 64.4, 188.1, 35.1, 104.9, 48.1, 324.1, 53.5, 149.8, 172.3
04,Campeche,2013,04_2013,6 114.0,3 391.4,1 152.3, 548.7, 66.5, 482.2, 205.5, 65.6, 99.1, 40.8, 398.4, 82.2, 119.9, 215.6
05,Coahuila de Zaragoza,2013,05_2013,12 685.5,8 183.7,1 331.8, 406.2, 49.2, 357.0, 392.0, 120.4, 113.4, 158.2,1 332.4, 218.2, 213.4, 607.8
06,Colima,2013,06_2013,4 418.9,2 448.5,1 034.8, 85.3, 10.4, 74.9, 161.4, 38.9, 71.3, 51.2, 315.6, 59.1, 118.2, 196.0
07,Chiapas,2013,07_2013,33 823.4,15 309.9,3 205.5,9 565.4,1 159.3,8 406.1,1 169.3, 682.0, 397.7, 89.6,2 336.6, 277.0, 312.1,1 647.6
08,Chihuahua,2013,08_2013,15 592.0,9 107.8,1 770.0,1 039.5, 126.0, 913.5, 538.8, 183.4, 184.1, 171.3,1 627.4, 185.1, 266.0,1 057.4
09,Distrito Federal,2013,09_2013,45 280.6,,3 468.3, 0.0,,, 572.3, 487.3,, 85.0,4 508.5,, 476.2,1 809.6
10,Durango,2013,10_2013,10 559.7,6 319.7,1 546.3, 773.7, 93.8, 679.9, 388.8, 127.5, 119.8, 141.5, 781.8, 85.5, 179.6, 484.3
11,Guanajuato,2013,11_2013,23 117.7,13 573.1,2 332.1,2 017.3, 244.5,1 772.8, 741.6, 323.2, 266.9, 151.5,2 650.6, 282.2, 275.6,1 245.2
12,Guerrero,2013,12_2013,25 168.4,13 325.3,3 179.1,4 662.5, 565.1,4 097.4, 897.9, 421.9, 291.8, 184.2,1 614.2, 186.2, 235.9,1 067.3
13,Hidalgo,2013,13_2013,15 539.8,8 796.0,2 297.1,1 674.3, 202.9,1 471.4, 473.4, 210.0, 168.7, 94.7,1 291.1, 115.4, 191.9, 700.6
14,Jalisco,2013,14_2013,28 670.5,16 707.7,3 651.3,1 270.7, 154.0,1 116.7, 947.4, 390.3, 296.9, 260.2,3 542.5, 299.5, 343.3,1 908.1
15,México,2013,15_2013,57 607.1,32 202.0,7 629.0,3 462.9, 419.7,3 043.2,1 628.1, 833.4, 575.7, 219.0,7 308.3, 720.3, 612.6,4 043.9
16,Michoacán de Ocampo,2013,16_2013,21 859.6,12 855.1,2 462.4,2 125.1, 257.6,1 867.5, 647.0, 324.9, 253.0, 69.1,2 069.1, 240.9, 277.6,1 182.4
17,Morelos,2013,17_2013,8 647.1,5 099.1,1 242.0, 471.0, 57.1, 413.9, 291.9, 119.1, 109.8, 63.0, 853.4, 104.4, 165.6, 419.7
18,Nayarit,2013,18_2013,7 120.9,4 103.7,1 181.4, 469.4, 56.9, 412.5, 243.8, 72.2, 140.0, 31.6, 524.4, 86.5, 146.3, 365.4
19,Nuevo León,2013,19_2013,17 696.5,10 727.6,2 001.4, 616.9, 74.8, 542.1, 585.3, 190.8, 209.6, 184.9,2 263.0, 171.5, 294.6,1 036.2
20,Oaxaca,2013,20_2013,26 626.1,14 401.1,2 788.7,5 349.7, 648.4,4 701.3, 810.4, 485.5, 283.2, 41.7,1 812.9, 118.6, 243.4,1 101.3
21,Puebla,2013,21_2013,27 567.9,14 805.3,2 643.9,4 339.2, 525.9,3 813.3, 972.6, 515.6, 315.3, 141.7,2 773.1, 222.5, 291.4,1 519.9
22,Querétaro,2013,22_2013,8 384.3,4 676.7,1 355.8, 507.3, 61.5, 445.8, 293.2, 107.6, 114.6, 71.0, 902.2, 91.1, 145.2, 412.8
23,Quintana Roo,2013,23_2013,7 096.6,3 782.2,1 165.8, 535.4, 64.9, 470.5, 393.1, 82.1, 186.0, 125.0, 675.6, 117.4, 158.2, 268.9
24,San Luis Potosí,2013,24_2013,14 309.1,8 476.5,1 486.0,1 750.1, 212.1,1 538.0, 399.8, 180.4, 163.7, 55.7,1 237.3, 128.9, 215.1, 615.4
25,Sinaloa,2013,25_2013,13 552.8,7 827.0,1 967.9, 666.7, 80.8, 585.9, 513.9, 167.4, 136.8, 209.7,1 316.0, 241.3, 219.7, 800.3
26,Sonora,2013,26_2013,12 514.5,7 359.5,1 750.1, 412.8, 50.0, 362.8, 398.5, 137.7, 159.2, 101.6,1 291.9, 239.8, 297.7, 764.2
27,Tabasco,2013,27_2013,11 906.8,6 619.6,1 934.1,1 019.7, 123.6, 896.1, 402.1, 170.6, 151.3, 80.2,1 082.8, 149.9, 179.0, 519.6
28,Tamaulipas,2013,28_2013,15 957.8,9 682.7,2 234.9, 684.2, 82.9, 601.3, 482.8, 174.1, 180.8, 127.9,1 582.1, 197.8, 282.0, 811.3
29,Tlaxcala,2013,29_2013,6 661.6,3 748.1,1 075.5, 477.0, 57.8, 419.2, 223.4, 91.7, 96.2, 35.5, 569.1, 67.3, 139.9, 361.3
30,Veracruz de Ignacio de la Llave,2013,30_2013,38 070.4,20 738.9,4 273.9,5 601.4, 678.9,4 922.5,1 078.9, 653.4, 373.8, 51.7,3 644.9, 328.4, 365.4,2 038.6
31,Yucatán,2013,31_2013,10 390.0,5 504.2,1 381.6,1 279.6, 155.1,1 124.5, 390.4, 203.4, 129.5, 57.5, 945.3, 141.6, 165.4, 581.9
32,Zacatecas,2013,32_2013,9 687.3,5 814.8,1 501.4, 764.5, 92.6, 671.9, 267.8, 110.0, 115.2, 42.6, 710.2, 77.4, 125.3, 425.9
00,Nacional,2014,00_2014,574 686.0,292 583.5,72 045.2,57 912.9,7 019.9,50 893.0,8 573.2,8 573.2, 0.0, 0.0,58 666.2,5 757.5, 0.0,32 054.3
01,Aguascalientes,2014,01_2014,6 165.5,3 617.1,1 250.5, 234.3, 28.4, 205.9, 69.7, 69.7,,, 615.5, 88.0,, 290.4
02,Baja California,2014,02_2014,14 190.8,9 101.6,1 680.5, 294.5, 35.7, 258.8, 154.4, 154.4,,,1 662.0, 176.7,,1 121.1
03,Baja California Sur,2014,03_2014,4 173.1,2 644.3, 803.9, 108.1, 13.1, 95.0, 36.8, 36.8, 0.0, 0.0, 353.8, 55.2, 0.0, 171.0
04,Campeche,2014,04_2014,5 963.5,3 343.2,1 208.8, 603.2, 73.1, 530.1, 71.9, 71.9, 0.0, 0.0, 432.7, 84.3, 0.0, 219.4
05,Coahuila de Zaragoza,2014,05_2014,12 419.6,8 161.5,1 400.2, 451.7, 54.8, 396.9, 133.9, 133.9, 0.0, 0.0,1 420.1, 226.7, 0.0, 625.5
06,Colima,2014,06_2014,4 265.2,2 416.6,1 083.0, 107.4, 13.0, 94.4, 41.0, 41.0, 0.0, 0.0, 343.4, 63.6, 0.0, 210.2
07,Chiapas,2014,07_2014,34 404.5,15 508.2,3 365.2,10 079.5,1 221.8,8 857.7, 756.7, 756.7, 0.0, 0.0,2 515.7, 283.7, 0.0,1 895.5
08,Chihuahua,2014,08_2014,15 438.6,9 140.1,1 860.7,1 116.7, 135.4, 981.3, 200.3, 200.3, 0.0, 0.0,1 786.2, 188.9, 0.0,1 145.7
09,Distrito Federal,2014,09_2014,58 744.5,,3 656.9, 766.8, 93.0, 673.8, 496.7, 496.7, 0.0, 0.0,4 860.8, 0.0, 0.0,1 870.1
10,Durango,2014,10_2014,10 324.1,6 265.3,1 624.0, 839.7, 101.8, 737.9, 130.1, 130.1, 0.0, 0.0, 849.1, 87.4, 0.0, 528.5
11,Guanajuato,2014,11_2014,23 295.0,13 873.9,2 450.4,2 153.7, 261.1,1 892.6, 358.4, 358.4, 0.0, 0.0,2 809.3, 295.7, 0.0,1 353.6
12,Guerrero,2014,12_2014,25 102.3,13 197.3,3 344.7,5 017.7, 608.2,4 409.5, 431.4, 431.4, 0.0, 0.0,1 730.3, 192.9, 0.0,1 188.0
13,Hidalgo,2014,13_2014,15 344.5,8 681.5,2 408.6,1 781.4, 215.9,1 565.5, 225.3, 225.3, 0.0, 0.0,1 379.1, 118.4, 0.0, 750.2
14,Jalisco,2014,14_2014,28 938.8,17 092.8,3 849.4,1 413.7, 171.4,1 242.3, 428.9, 428.9, 0.0, 0.0,3 804.4, 311.3, 0.0,2 038.3
15,México,2014,15_2014,59 580.6,33 552.3,8 015.0,3 749.0, 454.4,3 294.6, 925.5, 925.5, 0.0, 0.0,8 044.3, 759.9, 0.0,4 534.6
16,Michoacán de Ocampo,2014,16_2014,21 864.4,12 787.0,2 583.2,2 335.0, 283.0,2 052.0, 355.1, 355.1, 0.0, 0.0,2 224.5, 250.8, 0.0,1 328.8
17,Morelos,2014,17_2014,8 477.5,5 040.5,1 305.0, 529.0, 64.1, 464.9, 128.7, 128.7, 0.0, 0.0, 920.9, 107.5, 0.0, 445.9
18,Nayarit,2014,18_2014,6 947.8,4 049.6,1 238.2, 528.2, 64.0, 464.2, 74.6, 74.6, 0.0, 0.0, 579.5, 89.1, 0.0, 388.6
19,Nuevo León,2014,19_2014,17 673.3,10 992.9,2 104.4, 666.5, 80.8, 585.7, 204.5, 204.5, 0.0, 0.0,2 428.7, 181.2, 0.0,1 095.1
20,Oaxaca,2014,20_2014,26 747.6,14 371.8,2 926.9,5 651.0, 685.0,4 966.0, 530.9, 530.9, 0.0, 0.0,1 944.0, 119.3, 0.0,1 203.7
21,Puebla,2014,21_2014,28 058.6,15 125.1,2 772.6,4 667.7, 565.8,4 101.9, 567.2, 567.2, 0.0, 0.0,2 980.8, 229.8, 0.0,1 715.4
22,Querétaro,2014,22_2014,8 276.1,4 689.2,1 423.4, 567.7, 68.8, 498.9, 115.4, 115.4, 0.0, 0.0, 955.6, 94.7, 0.0, 430.1
23,Quintana Roo,2014,23_2014,6 763.7,3 722.9,1 222.3, 586.2, 71.1, 515.1, 93.7, 93.7, 0.0, 0.0, 731.3, 122.3, 0.0, 285.0
24,San Luis Potosí,2014,24_2014,14 119.2,8 363.6,1 561.5,1 876.5, 227.5,1 649.0, 200.0, 200.0, 0.0, 0.0,1 327.3, 133.4, 0.0, 656.9
25,Sinaloa,2014,25_2014,13 298.5,7 777.8,2 061.2, 732.7, 88.8, 643.9, 179.7, 179.7, 0.0, 0.0,1 440.2, 250.5, 0.0, 856.4
26,Sonora,2014,26_2014,12 282.2,7 372.4,1 843.7, 476.3, 57.7, 418.6, 145.9, 145.9, 0.0, 0.0,1 401.5, 250.2, 0.0, 792.2
27,Tabasco,2014,27_2014,11 832.5,6 624.7,2 026.8,1 135.0, 137.6, 997.4, 181.2, 181.2, 0.0, 0.0,1 146.9, 155.8, 0.0, 562.1
28,Tamaulipas,2014,28_2014,15 660.7,9 594.6,2 352.3, 755.8, 91.6, 664.2, 187.6, 187.6, 0.0, 0.0,1 700.7, 205.9, 0.0, 863.8
29,Tlaxcala,2014,29_2014,6 558.8,3 737.7,1 126.8, 533.0, 64.6, 468.4, 93.2, 93.2, 0.0, 0.0, 610.8, 69.3, 0.0, 388.0
30,Veracruz de Ignacio de la Llave,2014,30_2014,37 936.0,20 475.9,4 473.0,5 961.4, 722.6,5 238.8, 721.5, 721.5, 0.0, 0.0,3 891.1, 340.6, 0.0,2 072.5
31,Yucatán,2014,31_2014,10 306.9,5 501.2,1 453.4,1 365.0, 165.4,1 199.6, 220.9, 220.9, 0.0, 0.0,1 014.4, 145.8, 0.0, 606.2
32,Zacatecas,2014,32_2014,9 531.6,5 760.9,1 568.7, 828.5, 100.4, 728.1, 112.1, 112.1, 0.0, 0.0, 761.3, 78.6, 0.0, 421.5